R,hours,R_derivative,hours_derivative
15.0,0.0,1.0009147,0.18093684931428902
15.0,4.2,1.0002731,0.18267429602854762
15.0,8.4,1.0002835,0.18315014759177353
15.0,12.6,1.0002695,0.18329055127608562
15.0,16.8,1.0002375,0.18298142086732921
15.0,21.0,1.0005575,0.18263464139398553
15.0,25.200000000000003,1.0008079,0.18225994564287462
15.0,29.4,1.0013921,0.18272930039049962
15.0,33.6,1.0008045,0.18242486376407913
15.0,37.8,0.99919075,0.18166716354972093
15.0,42.0,0.9980098,0.18138422461564993
15.0,46.2,0.9975239,0.18158423976880692
15.0,50.400000000000006,0.99622196,0.18131026485210933
15.0,54.6,0.9956928,0.18135264572970522
15.0,58.8,0.99545795,0.18151829022858423
15.0,63.0,0.9951135,0.18161403462083453
15.0,67.2,0.99445665,0.1815707332971641
15.0,71.4,0.9937343,0.18150275330026683
15.0,75.60000000000001,0.9938579,0.18167755262512142
15.0,79.8,0.9942088,0.1818947160402394
15.0,84.0,0.9948351,0.18215563261746012
15.0,88.2,0.9956731,0.18245118961836473
15.0,92.4,0.9966818,0.1827615428554847
15.0,96.6,0.9974052,0.1829838586754279
15.0,100.8,0.99796927,0.18314249317229553
15.0,105.0,0.99831885,0.1832413542320248
15.0,109.2,0.99853307,0.1833015946037286
15.0,113.4,0.9986712,0.1833419404016448
15.0,117.6,0.9988107,0.1833773959913894
15.0,121.8,0.9989416,0.18340784107113153
15.0,126.0,0.99903816,0.18343091818666293
15.0,130.20000000000002,0.99914503,0.18345341150280972
15.0,134.4,0.9992351,0.1834717356065725
15.0,138.6,0.99931973,0.18348808007213102
15.0,142.8,0.99938333,0.1835007860150668
15.0,147.0,0.9994385,0.18351140577128702
15.0,151.20000000000002,0.99947315,0.18351890762436943
15.0,155.4,0.99954504,0.1835304410124015
15.0,159.6,0.9995827,0.18353710736665693
15.0,163.8,0.99961066,0.183542272945789
15.0,168.0,0.99963516,0.18354677014626553
15.625,0.0,1.0010461,0.18077184095823462
15.625,4.2,1.0002877,0.18263890733691932
15.625,8.4,1.000266,0.18308522855593332
15.625,12.6,1.0002464,0.18336355858092002
15.625,16.8,1.0003163,0.1831768164180561
15.625,21.0,1.000693,0.18278452881654733
15.625,25.200000000000003,1.0010843,0.1825161511855528
15.625,29.4,1.0013143,0.1825510735187207
15.625,33.6,1.0005244,0.18214017297796223
15.625,37.8,0.9985742,0.18122870615553652
15.625,42.0,0.99767905,0.18121952343301861
15.625,46.2,0.99700934,0.1813813214783029
15.625,50.400000000000006,0.9955639,0.1810661872326803
15.625,54.6,0.99512035,0.18120169681580903
15.625,58.8,0.9952063,0.1815080772828893
15.625,63.0,0.99449277,0.18148048118084462
15.625,67.2,0.99358267,0.18137725476147162
15.625,71.4,0.9935056,0.18151088903673682
15.625,75.60000000000001,0.9938076,0.18173516332618103
15.625,79.8,0.9943829,0.18200404595372743
15.625,84.0,0.99522215,0.18231169734860303
15.625,88.2,0.996273,0.1826461694102632
15.625,92.4,0.997122,0.1829079133360806
15.625,96.6,0.9978,0.1830983342209238
15.625,100.8,0.99820226,0.18321309547255762
15.625,105.0,0.99845165,0.18328395595592142
15.625,109.2,0.99861217,0.18333065371927473
15.625,113.4,0.9987695,0.18337060134232472
15.625,117.6,0.9989092,0.18340355656468862
15.625,121.8,0.99901277,0.1834283195281483
15.625,126.0,0.99912316,0.1834516724571952
15.625,130.20000000000002,0.9992201,0.18347123488490683
15.625,134.4,0.9992981,0.18348717036158532
15.625,138.6,0.9993635,0.1835002442161532
15.625,142.8,0.9994235,0.1835113610226105
15.625,147.0,0.9994858,0.18352246635498873
15.625,151.20000000000002,0.9995351,0.1835310011394626
15.625,155.4,0.9995687,0.1835371286836965
15.625,159.6,0.99959886,0.1835424620936013
15.625,163.8,0.9996273,0.18354727575476573
15.625,168.0,0.9996536,0.18355154604717672
16.25,0.0,1.0011238,0.18061167159534813
16.25,4.2,1.0002854,0.18252696544851393
16.25,8.4,1.000235,0.18304397973604422
16.25,12.6,1.0002578,0.18341430220630112
16.25,16.8,1.0004218,0.1833483021441716
16.25,21.0,1.0010061,0.1829777701099737
16.25,25.200000000000003,1.0013534,0.1827377288338188
16.25,29.4,1.0012598,0.18225944034692193
16.25,33.6,1.0001237,0.18174257034384791
16.25,37.8,0.9983068,0.18102047587575393
16.25,42.0,0.9972467,0.18101991552289012
16.25,46.2,0.9962891,0.18107169473105802
16.25,50.400000000000006,0.99539864,0.18107129414499423
16.25,54.6,0.99493885,0.1812231555410981
16.25,58.8,0.9946883,0.18140754399812953
16.25,63.0,0.9937522,0.18132466903542122
16.25,67.2,0.9931153,0.18131637881316423
16.25,71.4,0.99339503,0.18155783525529262
16.25,75.60000000000001,0.99393725,0.181839759908646
16.25,79.8,0.99479294,0.18217046514233542
16.25,84.0,0.99582475,0.182516342957515
16.25,88.2,0.9967982,0.18281775113765322
16.25,92.4,0.997596,0.1830444692831852
16.25,96.6,0.9980654,0.18317959883513882
16.25,100.8,0.99834937,0.18326220143351582
16.25,105.0,0.9985331,0.1833163109933766
16.25,109.2,0.99870557,0.1833605300286391
16.25,113.4,0.9988457,0.18339538994497773
16.25,117.6,0.99897945,0.18342512226902252
16.25,121.8,0.99909806,0.18345003440927132
16.25,126.0,0.9991902,0.18346955507887583
16.25,130.20000000000002,0.9992746,0.1834862552482434
16.25,134.4,0.99935037,0.18350045761641073
16.25,138.6,0.99939007,0.18350934119386272
16.25,142.8,0.99947816,0.1835235300690115
16.25,147.0,0.99952215,0.1835314144424894
16.25,151.20000000000002,0.99955505,0.18353730966024523
16.25,155.4,0.99958926,0.18354305632081952
16.25,159.6,0.9996204,0.18354808682141743
16.25,163.8,0.99964434,0.18355205905004693
16.25,168.0,0.99967027,0.18355601392037652
16.875,0.0,1.0011585,0.18051093031197202
16.875,4.2,1.0002923,0.18247947146602633
16.875,8.4,1.0001788,0.18307052626962703
16.875,12.6,1.0002387,0.18344204895590893
16.875,16.8,1.0005045,0.18349461538189682
16.875,21.0,1.0011185,0.18299144155740302
16.875,25.200000000000003,1.0017378,0.18291683972721123
16.875,29.4,1.001377,0.18218499411954872
16.875,33.6,0.9999776,0.18153948791032903
16.875,37.8,0.9979965,0.18084514914048933
16.875,42.0,0.99722517,0.18108567445102053
16.875,46.2,0.9952734,0.1806784800915474
16.875,50.400000000000006,0.9947012,0.18088237138371152
16.875,54.6,0.9947171,0.181238847938566
16.875,58.8,0.99390686,0.18124310096322352
16.875,63.0,0.99292207,0.18115919889934623
16.875,67.2,0.9929535,0.18135448244346072
16.875,71.4,0.9935107,0.18166674245575312
16.875,75.60000000000001,0.99427104,0.18199843725914852
16.875,79.8,0.9953139,0.18236645240733382
16.875,84.0,0.99643624,0.18271501544086702
16.875,88.2,0.99735767,0.18298008244928643
16.875,92.4,0.99790484,0.18313926926339583
16.875,96.6,0.99821484,0.18323377629521
16.875,100.8,0.9984574,0.1833015041842427
16.875,105.0,0.99865186,0.1833515744570924
16.875,109.2,0.99879795,0.1833891583273483
16.875,113.4,0.99894667,0.18342191148078693
16.875,117.6,0.9990679,0.18344800900660643
16.875,121.8,0.9991695,0.18346885605995522
16.875,126.0,0.99925846,0.18348634482133533
16.875,130.20000000000002,0.9993218,0.1834992346610697
16.875,134.4,0.999404,0.18351368862270392
16.875,138.6,0.9994622,0.18352383841966752
16.875,142.8,0.99950844,0.18353194038205853
16.875,147.0,0.99954426,0.18353813572600652
16.875,151.20000000000002,0.9995796,0.18354386829121183
16.875,155.4,0.99960893,0.1835487202085656
16.875,159.6,0.9996367,0.18355291793555
16.875,163.8,0.999657,0.183556365286302
16.875,168.0,0.999676,0.18355926572824302
17.5,0.0,1.0011084,0.18046551401411243
17.5,4.2,1.0002403,0.18255781186522782
17.5,8.4,1.0001626,0.18314156100210152
17.5,12.6,1.0002387,0.18350042026016372
17.5,16.8,1.0005399,0.18354201942773832
17.5,21.0,1.0011646,0.18279165128442432
17.5,25.200000000000003,1.0023261,0.1832655607394335
17.5,29.4,1.0014355,0.18209351466910442
17.5,33.6,0.9991283,0.18087938191845032
17.5,37.8,0.99743533,0.18052411421740922
17.5,42.0,0.99638474,0.18070828744312062
17.5,46.2,0.994948,0.18062518393275423
17.5,50.400000000000006,0.99436253,0.18086441828303632
17.5,54.6,0.9940324,0.18110593047937243
17.5,58.8,0.9929459,0.18103725685759933
17.5,63.0,0.99261653,0.18116055434909561
17.5,67.2,0.9929592,0.18144708997082903
17.5,71.4,0.9936802,0.1817956525909588
17.5,75.60000000000001,0.9947513,0.1821939421489585
17.5,79.8,0.99602526,0.18259458218050073
17.5,84.0,0.9970602,0.18290084777704452
17.5,88.2,0.99768364,0.18308651635907372
17.5,92.4,0.9980675,0.18320172214250313
17.5,96.6,0.9983665,0.18328317916598572
17.5,100.8,0.99856085,0.1833371033633401
17.5,105.0,0.998751,0.18338255906614703
17.5,109.2,0.99890053,0.18341713991796393
17.5,113.4,0.99903846,0.18344603141331872
17.5,117.6,0.9991405,0.183467444776604
17.5,121.8,0.99923474,0.18348597931966093
17.5,126.0,0.999288,0.18349798053173041
17.5,130.20000000000002,0.99939024,0.1835147247289176
17.5,134.4,0.9994465,0.18352458005236422
17.5,138.6,0.9994913,0.18353232044153103
17.5,142.8,0.99953383,0.18353917998719713
17.5,147.0,0.99956596,0.18354464902831652
17.5,151.20000000000002,0.99959934,0.1835497584706519
17.5,155.4,0.9996206,0.1835534715292493
17.5,159.6,0.9996401,0.1835567270288795
17.5,163.8,0.99965256,0.18355911581040413
17.5,168.0,0.99967396,0.18356210634445672
18.125,0.0,1.0013084,0.1800984274640395
18.125,4.2,1.0003092,0.1823850896023385
18.125,8.4,1.0001994,0.18298323897324903
18.125,12.6,1.0002029,0.18344697250190703
18.125,16.8,1.0007634,0.18390899775087752
18.125,21.0,1.0014323,0.18299558521926823
18.125,25.200000000000003,1.0024745,0.1830986775760322
18.125,29.4,1.0013502,0.18186187825892353
18.125,33.6,0.998693,0.1804841087660911
18.125,37.8,0.9969591,0.18027422477846952
18.125,42.0,0.99521345,0.18022979169485143
18.125,46.2,0.9941034,0.18040786119973373
18.125,50.400000000000006,0.9939916,0.18085033390534122
18.125,54.6,0.9931154,0.18091955507862972
18.125,58.8,0.9922512,0.1809307314287081
18.125,63.0,0.9923866,0.181201717658403
18.125,67.2,0.9930829,0.18157710883470982
18.125,71.4,0.9941529,0.1820014225936054
18.125,75.60000000000001,0.995497,0.18244192587975433
18.125,79.8,0.99672955,0.18280808649741812
18.125,84.0,0.9974645,0.1830292894551701
18.125,88.2,0.99793845,0.18317021288141563
18.125,92.4,0.99826205,0.183260915316853
18.125,96.6,0.9984851,0.18332379730502021
18.125,100.8,0.9986872,0.18337374376621302
18.125,105.0,0.9988594,0.18341286910108912
18.125,109.2,0.998994,0.18344242960978221
18.125,113.4,0.99911034,0.18346626265503022
18.125,117.6,0.9991842,0.18348288287180411
18.125,121.8,0.99929976,0.18350279027407382
18.125,126.0,0.9993718,0.1835156143892993
18.125,130.20000000000002,0.99942607,0.18352518205645513
18.125,134.4,0.9994778,0.18353366519984313
18.125,138.6,0.9995133,0.18353975720059973
18.125,142.8,0.99954754,0.1835455880740121
18.125,147.0,0.999576,0.18355026930784282
18.125,151.20000000000002,0.99960494,0.18355447423404103
18.125,155.4,0.99961907,0.18355695998437352
18.125,159.6,0.99964315,0.18356024180802863
18.125,163.8,0.9996685,0.18356340494245912
18.125,168.0,0.9996872,0.18356599918895342
18.75,0.0,1.0011823,0.18006739802408242
18.75,4.2,1.0001457,0.1828213795883029
18.75,8.4,1.0001465,0.18290414369524102
18.75,12.6,1.0002211,0.18348276242382652
18.75,16.8,1.0009009,0.18409000644286003
18.75,21.0,1.0016484,0.18310639827309472
18.75,25.200000000000003,1.0027351,0.18294064163027043
18.75,29.4,1.0010213,0.1813473472906841
18.75,33.6,0.9982422,0.18010502182375962
18.75,37.8,0.9970099,0.1803321130938194
18.75,42.0,0.99446464,0.18002757461502852
18.75,46.2,0.99361485,0.18036312365738602
18.75,50.400000000000006,0.9930658,0.18066854789076242
18.75,54.6,0.991958,0.18068627079509691
18.75,58.8,0.9918866,0.1809398379432947
18.75,63.0,0.9925051,0.18133978038852072
18.75,67.2,0.9934982,0.18178139628176743
18.75,71.4,0.99492013,0.182268674494717
18.75,75.60000000000001,0.996337,0.18269444614748942
18.75,79.8,0.9971788,0.18295563619915553
18.75,84.0,0.99777067,0.1831283684318351
18.75,88.2,0.99812406,0.18323268528248793
18.75,92.4,0.99839514,0.18330689875085301
18.75,96.6,0.99862003,0.18336349820621273
18.75,100.8,0.99880624,0.18340685508790852
18.75,105.0,0.9989545,0.1834394381771763
18.75,109.2,0.99907416,0.18346455833356493
18.75,113.4,0.9991578,0.18348270686916862
18.75,117.6,0.9992774,0.1835033022207659
18.75,121.8,0.99935,0.18351636381333833
18.75,126.0,0.99940324,0.18352604371683723
18.75,130.20000000000002,0.99944717,0.18353403168897073
18.75,134.4,0.99948573,0.18354049243948983
18.75,138.6,0.9995252,0.18354634614750612
18.75,142.8,0.99956167,0.18355160754426472
18.75,147.0,0.9995804,0.183554650895648
18.75,151.20000000000002,0.9996127,0.18355869581538603
18.75,155.4,0.99963987,0.18356197938830132
18.75,159.6,0.9996547,0.18356433285060791
18.75,163.8,0.9996753,0.1835668504097137
18.75,168.0,0.99969244,0.18356893463919763
19.375,0.0,1.0011203,0.18007833335938542
19.375,4.2,1.000197,0.18279753995959702
19.375,8.4,1.0001285,0.18280901314709963
19.375,12.6,1.0001991,0.18349239236960643
19.375,16.8,1.0011789,0.18436070755769712
19.375,21.0,1.0021832,0.18338553712260972
19.375,25.200000000000003,1.0030384,0.1828094952571024
19.375,29.4,1.0005008,0.1807485852925536
19.375,33.6,0.99755937,0.17959394505428633
19.375,37.8,0.99554074,0.1797203571474927
19.375,42.0,0.9933713,0.1797257136555704
19.375,46.2,0.99321777,0.18037776732975083
19.375,50.400000000000006,0.9919136,0.1804515296026711
19.375,54.6,0.99145824,0.1806679239407681
19.375,58.8,0.99184,0.18105298948918913
19.375,63.0,0.9927172,0.18151132478154083
19.375,67.2,0.99427044,0.1820638087776917
19.375,71.4,0.9958474,0.18255309374681053
19.375,75.60000000000001,0.99685854,0.1828683133791809
19.375,79.8,0.99754566,0.18307390327782672
19.375,84.0,0.99797195,0.18319945580787123
19.375,88.2,0.9982934,0.1832877376930988
19.375,92.4,0.99855596,0.18335312408475501
19.375,96.6,0.99875146,0.18340010699650683
19.375,100.8,0.99891007,0.1834358556505767
19.375,105.0,0.9990187,0.18346107427225702
19.375,109.2,0.999126,0.18348256092209153
19.375,113.4,0.99924535,0.18350360941121682
19.375,117.6,0.9993146,0.18351643374686302
19.375,121.8,0.99937475,0.18352685118805181
19.375,126.0,0.9994217,0.1835350370787154
19.375,130.20000000000002,0.99946916,0.18354218024352673
19.375,134.4,0.99951273,0.18354837271461133
19.375,138.6,0.9995431,0.18355278839788702
19.375,142.8,0.9995737,0.18355674286379442
19.375,147.0,0.9995962,0.1835598429090556
19.375,151.20000000000002,0.99962133,0.1835629083018993
19.375,155.4,0.99964875,0.18356613746647651
19.375,159.6,0.99966717,0.18356827839546672
19.375,163.8,0.9996861,0.18357032495005182
19.375,168.0,0.9997016,0.18357202233834083
20.0,0.0,1.0013527,0.17973377122751072
20.0,4.2,1.0000176,0.18293120317085163
20.0,8.4,1.0001781,0.18263912684464081
20.0,12.6,1.0001037,0.1834850621950606
20.0,16.8,1.0013103,0.18467071733063012
20.0,21.0,1.0029576,0.18380145404105933
20.0,25.200000000000003,1.0032064,0.18243714492866692
20.0,29.4,0.99999666,0.1799915186094173
20.0,33.6,0.99687505,0.17916943347030262
20.0,37.8,0.99395674,0.1791216055025016
20.0,42.0,0.99266803,0.17964962179428642
20.0,46.2,0.9918936,0.1801230829448814
20.0,50.400000000000006,0.990899,0.1803019697074431
20.0,54.6,0.99108845,0.18070528292987323
20.0,58.8,0.991856,0.18119750542023522
20.0,63.0,0.99351597,0.18181742296038353
20.0,67.2,0.99521124,0.1823693127108348
20.0,71.4,0.99650663,0.1827669047680056
20.0,75.60000000000001,0.997294,0.18300890069788261
20.0,79.8,0.9978062,0.18316040073244672
20.0,84.0,0.9981812,0.18326423238520662
20.0,88.2,0.99846786,0.183338428337307
20.0,92.4,0.99868786,0.18339199245087903
20.0,96.6,0.99882066,0.18342725288693773
20.0,100.8,0.99896514,0.18345845785858483
20.0,105.0,0.99911743,0.18348612403743012
20.0,109.2,0.99920666,0.1835034241797159
20.0,113.4,0.99927217,0.1835164724033493
20.0,117.6,0.9993391,0.18352769266927352
20.0,121.8,0.99940324,0.1835372877938548
20.0,126.0,0.9994485,0.18354403711187361
20.0,130.20000000000002,0.99949145,0.1835498765253812
20.0,134.4,0.9995328,0.18355495243027303
20.0,138.6,0.99955344,0.18355807246215192
20.0,142.8,0.99958265,0.18356151378592492
20.0,147.0,0.99961215,0.18356479706276102
20.0,151.20000000000002,0.99964017,0.18356794690929482
20.0,155.4,0.99965924,0.1835699931716653
20.0,159.6,0.99967676,0.18357172556995752
20.0,163.8,0.99969256,0.1835734089501057
20.0,168.0,0.99971163,0.183575194330612
20.625,0.0,1.0007538,0.18003084321703683
20.625,4.2,0.99994606,0.18300442371539172
20.625,8.4,1.0003433,0.18242621005088963
20.625,12.6,0.9999692,0.1834149964803289
20.625,16.8,1.0014517,0.18480845222892542
20.625,21.0,1.0041976,0.18445868306059862
20.625,25.200000000000003,1.0032841,0.1818852306954762
20.625,29.4,0.99954057,0.17935429453046992
20.625,33.6,0.9958706,0.17870116413594453
20.625,37.8,0.9924047,0.1786900705137562
20.625,42.0,0.9916735,0.17953261954517383
20.625,46.2,0.99054956,0.17990314237573113
20.625,50.400000000000006,0.9904145,0.1803213319843096
20.625,54.6,0.99094784,0.18083311446548342
20.625,58.8,0.9926046,0.18151373247413372
20.625,63.0,0.9945214,0.1821584706758984
20.625,67.2,0.99603164,0.18263307318892932
20.625,71.4,0.9970267,0.18293255402802752
20.625,75.60000000000001,0.9976149,0.18311299119157712
20.625,79.8,0.9980341,0.18323505659042402
20.625,84.0,0.9983578,0.18332062433860302
20.625,88.2,0.99860454,0.1833819100901256
20.625,92.4,0.9987531,0.183421013181389
20.625,96.6,0.9989185,0.18345610262807283
20.625,100.8,0.9990701,0.183485107612527
20.625,105.0,0.9991522,0.18350283798948913
20.625,109.2,0.99923724,0.1835176526233696
20.625,113.4,0.9993222,0.18353041933701222
20.625,117.6,0.99937856,0.183539151241272
20.625,121.8,0.999432,0.18354656814308473
20.625,126.0,0.9994754,0.18355241836248812
20.625,130.20000000000002,0.9995037,0.1835562594799501
20.625,134.4,0.9995391,0.18356029385454872
20.625,138.6,0.99957705,0.18356432588512211
20.625,142.8,0.999601,0.1835668813583954
20.625,147.0,0.99962604,0.18356964058691333
20.625,151.20000000000002,0.9996469,0.18357160237144932
20.625,155.4,0.99966604,0.18357339426836222
20.625,159.6,0.99968535,0.1835751791681403
20.625,163.8,0.99968547,0.18357538876546342
20.625,168.0,0.9997039,0.18357692245728252
21.25,0.0,1.0008746,0.179721924148381
21.25,4.2,0.99991,0.1825513258972752
21.25,8.4,1.0003763,0.18242688656180053
21.25,12.6,1.0000367,0.18362919463000701
21.25,16.8,1.001977,0.18534075852506782
21.25,21.0,1.0052391,0.1846978234930798
21.25,25.200000000000003,1.0036652,0.18148486735454802
21.25,29.4,0.99873525,0.1785062914365974
21.25,33.6,0.99323225,0.1775934531005252
21.25,37.8,0.9913738,0.17856281276937713
21.25,42.0,0.99014753,0.17931288910857582
21.25,46.2,0.9896473,0.17983317333031962
21.25,50.400000000000006,0.9900497,0.18040629603319533
21.25,54.6,0.99155885,0.18114519697712833
21.25,58.8,0.9936562,0.18189147455482102
21.25,63.0,0.9955003,0.1824738090397801
21.25,67.2,0.9966446,0.1828307730864419
21.25,71.4,0.9973826,0.18305479850134382
21.25,75.60000000000001,0.9978847,0.18320028151559012
21.25,79.8,0.9982466,0.18329995239222113
21.25,84.0,0.9984715,0.18336419978004512
21.25,88.2,0.9986787,0.18341445438324913
21.25,92.4,0.99887323,0.18345584701000342
21.25,96.6,0.9990024,0.18348275015014143
21.25,100.8,0.9991235,0.1835042757670974
21.25,105.0,0.9992187,0.18352039044016552
21.25,109.2,0.9992854,0.183531966253305
21.25,113.4,0.9993537,0.1835418704781545
21.25,117.6,0.9994096,0.1835492119981934
21.25,121.8,0.99944204,0.18355402918319863
21.25,126.0,0.99948585,0.18355900937530312
21.25,130.20000000000002,0.99953026,0.18356361067608792
21.25,134.4,0.99956024,0.18356643369568162
21.25,138.6,0.9995851,0.1835691601413368
21.25,142.8,0.99960965,0.1835715272008726
21.25,147.0,0.99963206,0.1835735498637222
21.25,151.20000000000002,0.9996564,0.18357553419171183
21.25,155.4,0.9996612,0.18357588808987282
21.25,159.6,0.99967897,0.1835772294457199
21.25,163.8,0.99969596,0.18357857074354852
21.25,168.0,0.99970955,0.1835797142040697
21.875,0.0,1.0006837,0.17936211449161893
21.875,4.2,0.9998154,0.18219980768343813
21.875,8.4,1.0003393,0.18222980269607203
21.875,12.6,1.0000601,0.18377018041030813
21.875,16.8,1.0027096,0.1859929408247122
21.875,21.0,1.0065987,0.1849593535780769
21.875,25.200000000000003,1.0035918,0.18043649971996392
21.875,29.4,0.9972127,0.1774611364272712
21.875,33.6,0.991264,0.1770417857082927
21.875,37.8,0.9895085,0.17831029202037882
21.875,42.0,0.9889324,0.17919856251746352
21.875,46.2,0.988937,0.1798666226760098
21.875,50.400000000000006,0.99029636,0.18067914526387732
21.875,54.6,0.9926959,0.181569975013381
21.875,58.8,0.99487275,0.18227267592086813
21.875,63.0,0.9962406,0.18271024505686362
21.875,67.2,0.99712163,0.18298318527786403
21.875,71.4,0.99768627,0.18315404167432822
21.875,75.60000000000001,0.99806,0.1832669948964847
21.875,79.8,0.9983659,0.18334887857482843
21.875,84.0,0.9985941,0.18340560604999762
21.875,88.2,0.9988212,0.18345214666075893
21.875,92.4,0.9989641,0.18348227554267213
21.875,96.6,0.999081,0.1835046638735894
21.875,100.8,0.99916977,0.18352168773449823
21.875,105.0,0.9992575,0.183535131734567
21.875,109.2,0.99932307,0.18354468889592923
21.875,113.4,0.99937195,0.1835511987506986
21.875,117.6,0.9994258,0.18355758374303832
21.875,121.8,0.999482,0.18356333397489052
21.875,126.0,0.99950564,0.18356598829076223
21.875,130.20000000000002,0.99953634,0.18356883706952323
21.875,134.4,0.99956805,0.18357185073672683
21.875,138.6,0.9995994,0.18357442082701822
21.875,142.8,0.99960816,0.18357492472635772
21.875,147.0,0.9996312,0.18357666925036192
21.875,151.20000000000002,0.999647,0.18357792473839363
21.875,155.4,0.99966794,0.18357931174192593
21.875,159.6,0.99968624,0.18358052116075563
21.875,163.8,0.99970424,0.18358165910720392
21.875,168.0,0.99972135,0.1835827316642968
22.5,0.0,1.0008183,0.17903993255084852
22.5,4.2,0.99913234,0.18230119133724051
22.5,8.4,1.0002803,0.18215145469983143
22.5,12.6,1.000223,0.18390443404366572
22.5,16.8,1.0040507,0.1869712096724253
22.5,21.0,1.0077832,0.1847896789272072
22.5,25.200000000000003,1.0029045,0.17903662569218742
22.5,29.4,0.99397814,0.17588058178876062
22.5,33.6,0.9888247,0.1765201996752495
22.5,37.8,0.9878902,0.17818208092343962
22.5,42.0,0.9877682,0.1791678263447102
22.5,46.2,0.98892754,0.1801086842402125
22.5,50.400000000000006,0.9915245,0.18116273487799653
22.5,54.6,0.9940743,0.18201565302242392
22.5,58.8,0.9957116,0.1825531295720458
22.5,63.0,0.99679965,0.18289240554607963
22.5,67.2,0.9974549,0.1830979193925572
22.5,71.4,0.99790454,0.1832334768423715
22.5,75.60000000000001,0.9982579,0.18332921336784813
22.5,79.8,0.99854016,0.18339927388896513
22.5,84.0,0.99873716,0.18344578154669713
22.5,88.2,0.99890554,0.18348096318934443
22.5,92.4,0.9990228,0.1835043294110728
22.5,96.6,0.99913776,0.1835240109240721
22.5,100.8,0.9992208,0.18353750782847653
22.5,105.0,0.9992904,0.18354749774464063
22.5,109.2,0.9993537,0.18355561806025292
22.5,113.4,0.9994107,0.18356207436782943
22.5,117.6,0.99944913,0.18356589323320702
22.5,121.8,0.99948055,0.18356871834909022
22.5,126.0,0.9995208,0.18357236648775282
22.5,130.20000000000002,0.9995552,0.1835753119794354
22.5,134.4,0.9995662,0.18357594842551062
22.5,138.6,0.9995915,0.18357765851575622
22.5,142.8,0.99961656,0.18357922539130062
22.5,147.0,0.9996401,0.18358062529019
22.5,151.20000000000002,0.9996612,0.18358182365074832
22.5,155.4,0.9996819,0.18358301600972252
22.5,159.6,0.99970466,0.18358423468479682
22.5,163.8,0.999721,0.18358506964742452
22.5,168.0,0.999736,0.18358581643200253
23.125,0.0,1.0026019,0.17758537039171213
23.125,4.2,0.9982657,0.18230777101155762
23.125,8.4,1.0004086,0.18250442191738542
23.125,12.6,1.0008284,0.1846092016896571
23.125,16.8,1.0059826,0.18819075277512362
23.125,21.0,1.0094761,0.1847412311614373
23.125,25.200000000000003,1.0021273,0.17758182013845322
23.125,29.4,0.9899093,0.17423697124419013
23.125,33.6,0.9867374,0.17634669409850393
23.125,37.8,0.9864752,0.1781345781566603
23.125,42.0,0.9872117,0.17934021088755603
23.125,46.2,0.9901362,0.18062984762846732
23.125,50.400000000000006,0.9931201,0.18168541729855542
23.125,54.6,0.9951036,0.18235430164259273
23.125,58.8,0.99640137,0.18277415193582933
23.125,63.0,0.9971491,0.1830219242286955
23.125,67.2,0.99772614,0.1831914925338594
23.125,71.4,0.99811953,0.18330407620228623
23.125,75.60000000000001,0.9984363,0.18338419394266212
23.125,79.8,0.99866486,0.18343948489963252
23.125,84.0,0.9988317,0.1834776495903137
23.125,88.2,0.9989837,0.18350625026601902
23.125,92.4,0.99908316,0.18352527749664002
23.125,96.6,0.99917805,0.18354035822496842
23.125,100.8,0.9992573,0.18355126809820513
23.125,105.0,0.9993315,0.1835602492422737
23.125,109.2,0.99937654,0.1835655005358844
23.125,113.4,0.9994178,0.18356958180723182
23.125,117.6,0.9994572,0.18357308022529842
23.125,121.8,0.9995,0.18357631962072382
23.125,126.0,0.99951935,0.1835775346040066
23.125,130.20000000000002,0.9995522,0.1835795331226144
23.125,134.4,0.9995801,0.1835811022629109
23.125,138.6,0.99960655,0.18358249697581622
23.125,142.8,0.9996362,0.18358395037738823
23.125,147.0,0.99966055,0.18358507402336982
23.125,151.20000000000002,0.9996825,0.1835859768464677
23.125,155.4,0.99970084,0.18358676776208113
23.125,159.6,0.99971646,0.18358735543724192
23.125,163.8,0.9997321,0.18358795537304723
23.125,168.0,0.9997465,0.18358849760897633
23.75,0.0,1.0048459,0.1762374983760895
23.75,4.2,0.99680805,0.18240596703076553
23.75,8.4,1.00055,0.18290332885687552
23.75,12.6,1.0010526,0.1845540189261178
23.75,16.8,1.0094258,0.1901693780381986
23.75,21.0,1.0122526,0.184094851580504
23.75,25.200000000000003,0.99714017,0.1743319185114597
23.75,29.4,0.9851296,0.1729735275673333
23.75,33.6,0.9848566,0.1763635163153421
23.75,37.8,0.98528504,0.17824076101954953
23.75,42.0,0.9884584,0.1799276645836662
23.75,46.2,0.9919037,0.18124022699047343
23.75,50.400000000000006,0.99438286,0.1820984219368783
23.75,54.6,0.99591374,0.18261871004758473
23.75,58.8,0.9968539,0.1829323027936282
23.75,63.0,0.9975002,0.18313589898177982
23.75,67.2,0.9979644,0.1832723351594746
23.75,71.4,0.9983007,0.18336408194415832
23.75,75.60000000000001,0.9985639,0.18342875118550292
23.75,79.8,0.9987588,0.18347376914790722
23.75,84.0,0.9989122,0.18350526543556783
23.75,88.2,0.99902457,0.18352699571970793
23.75,92.4,0.999145,0.18354451558586543
23.75,96.6,0.9992281,0.18355639031833632
23.75,100.8,0.9992826,0.18356347283416852
23.75,105.0,0.9993403,0.18356958692131212
23.75,109.2,0.99939305,0.1835744838410431
23.75,113.4,0.9994216,0.18357671066007983
23.75,117.6,0.99946827,0.18358006946559552
23.75,121.8,0.9995063,0.18358215886678542
23.75,126.0,0.99954325,0.18358383950023763
23.75,130.20000000000002,0.9995785,0.18358550784058972
23.75,134.4,0.9996036,0.1835865092501189
23.75,138.6,0.99963033,0.18358755222404363
23.75,142.8,0.9996529,0.18358829801282692
23.75,147.0,0.9996714,0.1835888251177328
23.75,151.20000000000002,0.99969053,0.18358942467227343
23.75,155.4,0.99970806,0.1835898999910386
23.75,159.6,0.9997288,0.18359053613978063
23.75,163.8,0.9997438,0.18359091444813763
23.75,168.0,0.99976015,0.18359144787635223
24.375,0.0,1.0078826,0.17403396681321173
24.375,4.2,0.99663615,0.18126464843065823
24.375,8.4,1.0015852,0.18424730545490403
24.375,12.6,1.0030209,0.1846187875011819
24.375,16.8,1.0139048,0.1915463439383552
24.375,21.0,1.0120573,0.18170066936307241
24.375,25.200000000000003,0.98990697,0.17089072537656752
24.375,29.4,0.9817687,0.17276219197130652
24.375,33.6,0.98255366,0.17642835718089322
24.375,37.8,0.98640764,0.178915349473095
24.375,42.0,0.9903269,0.18062028509601452
24.375,46.2,0.9934793,0.18175933837008892
24.375,50.400000000000006,0.9953449,0.1824170200381922
24.375,54.6,0.9964651,0.1828125530721861
24.375,58.8,0.99724203,0.18306364984716622
24.375,63.0,0.9978009,0.18323253269934112
24.375,67.2,0.9981641,0.1833395993835293
24.375,71.4,0.99845266,0.18341510322762422
24.375,75.60000000000001,0.99866784,0.1834676162076417
24.375,79.8,0.99883,0.183503119092801
24.375,84.0,0.9989834,0.18353000346146392
24.375,88.2,0.999091,0.1835479902390962
24.375,92.4,0.99917436,0.18355976242766253
24.375,96.6,0.9992503,0.18356874735132622
24.375,100.8,0.9993056,0.18357421195476462
24.375,105.0,0.99935883,0.18357912974941532
24.375,109.2,0.9994082,0.18358247884842221
24.375,113.4,0.9994593,0.18358566531662693
24.375,117.6,0.9994952,0.18358737085035862
24.375,121.8,0.9995291,0.18358881846254893
24.375,126.0,0.9995621,0.1835899909399454
24.375,130.20000000000002,0.99959123,0.1835908438659437
24.375,134.4,0.9996167,0.1835912544597496
24.375,138.6,0.99964,0.18359176005987393
24.375,142.8,0.9996668,0.1835924101107536
24.375,147.0,0.99968696,0.18359273338957152
24.375,151.20000000000002,0.99970645,0.18359308721939122
24.375,155.4,0.9997229,0.18359328047140833
24.375,159.6,0.9997374,0.1835934888418548
24.375,163.8,0.99975234,0.1835936907243919
24.375,168.0,0.9997632,0.18359375050086202
25.0,0.0,1.0100796,0.17269381495137812
25.0,4.2,0.99613255,0.179505207961094
25.0,8.4,1.0007737,0.18818152548167122
25.0,12.6,1.008033,0.18452200792231113
25.0,16.8,1.0214021,0.19320417344620702
25.0,21.0,1.0078467,0.17695164232616442
25.0,25.200000000000003,0.98154503,0.16801321251840512
25.0,29.4,0.9784391,0.17296431214551933
25.0,33.6,0.9831582,0.17726698236770613
25.0,37.8,0.9883368,0.17976086561869792
25.0,42.0,0.9923574,0.18128908517048423
25.0,46.2,0.9946229,0.18214092987934272
25.0,50.400000000000006,0.9960334,0.18265248442305723
25.0,54.6,0.9969385,0.18296738616695302
25.0,58.8,0.997583,0.18317228548015482
25.0,63.0,0.9980019,0.183305741407351
25.0,67.2,0.9983265,0.1833967274869081
25.0,71.4,0.99857664,0.18345887481732032
25.0,75.60000000000001,0.9987875,0.18350240025564343
25.0,79.8,0.9989408,0.18353269892678772
25.0,84.0,0.99904156,0.1835505859674335
25.0,88.2,0.99913055,0.18356364628769953
25.0,92.4,0.99921554,0.18357421538328061
25.0,96.6,0.99928343,0.1835806956171832
25.0,100.8,0.99934244,0.1835856571815515
25.0,105.0,0.99939144,0.18358884622655453
25.0,109.2,0.99944025,0.18359151530776752
25.0,113.4,0.99948186,0.18359313312343403
25.0,117.6,0.9995206,0.18359433492066402
25.0,121.8,0.9995509,0.18359493200202762
25.0,126.0,0.9995851,0.18359564711554202
25.0,130.20000000000002,0.9996126,0.18359598432316201
25.0,134.4,0.99963164,0.183596141779949
25.0,138.6,0.99965435,0.18359623177148923
25.0,142.8,0.99967366,0.18359620129905513
25.0,147.0,0.999693,0.18359621627815131
25.0,151.20000000000002,0.99970984,0.18359612416219492
25.0,155.4,0.9997268,0.18359623102979822
25.0,159.6,0.9997382,0.1835960377786907
25.0,163.8,0.9997523,0.1835960060040809
25.0,168.0,0.999767,0.18359604724050002
25.625,0.0,1.0152942,0.1710086598150007
25.625,4.2,0.99846905,0.17612571066422592
25.625,8.4,0.9936627,0.19460327358447901
25.625,12.6,1.0205599,0.1858037406938612
25.625,16.8,1.0230012,0.1932089127137472
25.625,21.0,0.99346834,0.1694000736081948
25.625,25.200000000000003,0.9721539,0.16628925605211572
25.625,29.4,0.9778355,0.17403616280116913
25.625,33.6,0.98554426,0.17839755036937752
25.625,37.8,0.99078995,0.18060481729915873
25.625,42.0,0.9937868,0.18177426806538563
25.625,46.2,0.99547154,0.18243289015879122
25.625,50.400000000000006,0.9965975,0.1828435192009409
25.625,54.6,0.9972903,0.18309418007418443
25.625,58.8,0.99779844,0.18325936651496832
25.625,63.0,0.99819607,0.18337305688728772
25.625,67.2,0.99849594,0.18344885739649203
25.625,71.4,0.9987181,0.18349961744840873
25.625,75.60000000000001,0.99886036,0.18353103462591852
25.625,79.8,0.9989868,0.18355345659957092
25.625,84.0,0.9990762,0.18356799476953292
25.625,88.2,0.9991707,0.18357937248671802
25.625,92.4,0.9992534,0.1835875233027547
25.625,96.6,0.99931407,0.18359220420684103
25.625,100.8,0.9993697,0.1835956602538688
25.625,105.0,0.99942285,0.18359815216705852
25.625,109.2,0.99946535,0.18359913989726462
25.625,113.4,0.9995068,0.18360017211749363
25.625,117.6,0.9995433,0.1836006807613564
25.625,121.8,0.9995748,0.18360082988433582
25.625,126.0,0.9996,0.18360066320264462
25.625,130.20000000000002,0.99962634,0.18360051412224151
25.625,134.4,0.99964964,0.18360030683514042
25.625,138.6,0.9996702,0.1836000198349979
25.625,142.8,0.9996861,0.18359956876377462
25.625,147.0,0.99970394,0.1835993660577044
25.625,151.20000000000002,0.9997215,0.1835992367768904
25.625,155.4,0.99973094,0.1835986641040152
25.625,159.6,0.9997451,0.18359841078754033
25.625,163.8,0.99975836,0.18359818256964472
25.625,168.0,0.9997717,0.1835979096924497
26.25,0.0,1.0185059,0.17099153618306512
26.25,4.2,1.0005716,0.1706393819225729
26.25,8.4,0.978302,0.1948323617340982
26.25,12.6,1.0109559,0.18652221485742013
26.25,16.8,1.010188,0.1915943379399946
26.25,21.0,0.9770404,0.16215832091941051
26.25,25.200000000000003,0.96902037,0.16715705462008562
26.25,29.4,0.98111874,0.17586068900303933
26.25,33.6,0.98851174,0.17956000696295102
26.25,37.8,0.9924251,0.1812208768616586
26.25,42.0,0.99465895,0.18212990566700613
26.25,46.2,0.99610746,0.18266353970326563
26.25,50.400000000000006,0.9969756,0.1829890653499688
26.25,54.6,0.9975817,0.18320206783058482
26.25,58.8,0.9980464,0.1833400043563639
26.25,63.0,0.9983522,0.18343145959767923
26.25,67.2,0.99858606,0.18349059806972412
26.25,71.4,0.99876916,0.1835304319398874
26.25,75.60000000000001,0.9989076,0.18355554351423303
26.25,79.8,0.99902457,0.18357326028552753
26.25,84.0,0.99912804,0.18358670516594522
26.25,88.2,0.9992082,0.1835946798875915
26.25,92.4,0.9992752,0.1835999387416946
26.25,96.6,0.9993457,0.18360355107832932
26.25,100.8,0.99940884,0.1836058212397239
26.25,105.0,0.99945426,0.183606819066705
26.25,109.2,0.99949014,0.18360710621970452
26.25,113.4,0.9995239,0.18360694841860492
26.25,117.6,0.9995568,0.18360648932169282
26.25,121.8,0.9995838,0.18360604503475772
26.25,126.0,0.9996063,0.18360534799284142
26.25,130.20000000000002,0.9996314,0.18360470479877933
26.25,134.4,0.99965954,0.18360424823462612
26.25,138.6,0.9996744,0.18360337336944813
26.25,142.8,0.9996968,0.18360300016641953
26.25,147.0,0.99971455,0.1836025739606091
26.25,151.20000000000002,0.9997302,0.18360204059868532
26.25,155.4,0.9997468,0.18360169749974362
26.25,159.6,0.9997613,0.1836012662026668
26.25,163.8,0.99977386,0.18360081504031392
26.25,168.0,0.99978584,0.18360043435735462
26.875,0.0,1.0179698,0.17152605893601852
26.875,4.2,1.003642,0.1602815909624676
26.875,8.4,0.9645827,0.1894115682220716
26.875,12.6,0.968888,0.18626415277233113
26.875,16.8,0.9832939,0.1944412811307837
26.875,21.0,0.9646095,0.15807761231847
26.875,25.200000000000003,0.97421217,0.1698435893339554
26.875,29.4,0.98530835,0.1775427702836883
26.875,33.6,0.9907108,0.18039907380748652
26.875,37.8,0.99380654,0.18172753802356603
26.875,42.0,0.9954556,0.1824249094251768
26.875,46.2,0.9965732,0.18285267520185172
26.875,50.400000000000006,0.9973674,0.18311988206882882
26.875,54.6,0.9978637,0.1832897042029046
26.875,58.8,0.9982045,0.18340449536895853
26.875,63.0,0.9984872,0.18347871743811492
26.875,67.2,0.9986789,0.18352621233055863
26.875,71.4,0.9988396,0.18355853929838192
26.875,75.60000000000001,0.99896973,0.1835795991912267
26.875,79.8,0.9990805,0.18359361194802953
26.875,84.0,0.9991822,0.18360368513533062
26.875,88.2,0.9992648,0.18360879356583273
26.875,92.4,0.99932504,0.18361246487863261
26.875,96.6,0.99937314,0.1836136056810782
26.875,100.8,0.999421,0.18361438742730962
26.875,105.0,0.99946475,0.1836144251281283
26.875,109.2,0.9994963,0.1836137594125359
26.875,113.4,0.99952894,0.1836130447821603
26.875,117.6,0.9995614,0.18361228402923532
26.875,121.8,0.9995873,0.1836111768338906
26.875,126.0,0.99960476,0.18360982676624452
26.875,130.20000000000002,0.9996302,0.18360890868591961
26.875,134.4,0.99965394,0.18360810930306992
26.875,138.6,0.9996771,0.18360752685017132
26.875,142.8,0.99969625,0.18360660222485703
26.875,147.0,0.9997122,0.18360583324425592
26.875,151.20000000000002,0.99973243,0.18360503702996123
26.875,155.4,0.99973774,0.18360417071873933
26.875,159.6,0.9997549,0.18360371198268072
26.875,163.8,0.9997688,0.18360306765311651
26.875,168.0,0.99978155,0.18360256719032672
27.5,0.0,1.0204952,0.17301078478064402
27.5,4.2,1.0237328,0.15019159178929553
27.5,8.4,0.9895466,0.18412624996136093
27.5,12.6,0.96806735,0.18544342625546092
27.5,16.8,0.97905177,0.1963478102483285
27.5,21.0,0.9673081,0.15889651538915603
27.5,25.200000000000003,0.9830534,0.17223928404305253
27.5,29.4,0.9893807,0.17867220006666343
27.5,33.6,0.99293,0.18102911170719832
27.5,37.8,0.9949083,0.18206991664898042
27.5,42.0,0.99619436,0.1826523713014442
27.5,46.2,0.9970268,0.1830047832012539
27.5,50.400000000000006,0.9976166,0.1832206005994468
27.5,54.6,0.9980372,0.18336152496701283
27.5,58.8,0.99835426,0.18345619244613431
27.5,63.0,0.9986015,0.18351724754706983
27.5,67.2,0.99879044,0.18355913759526363
27.5,71.4,0.99893296,0.1835846904723379
27.5,75.60000000000001,0.9990412,0.18360174535558263
27.5,79.8,0.99913096,0.18361171971314283
27.5,84.0,0.99920756,0.18361722608221703
27.5,88.2,0.9992761,0.18362095257618502
27.5,92.4,0.99932265,0.18362228724805701
27.5,96.6,0.9993746,0.18362316704698042
27.5,100.8,0.99942416,0.18362250328761
27.5,105.0,0.9994706,0.1836217081812155
27.5,109.2,0.99950176,0.18362022712114842
27.5,113.4,0.99953496,0.1836186900383605
27.5,117.6,0.99956197,0.18361728879416692
27.5,121.8,0.9995895,0.18361587016593173
27.5,126.0,0.9996104,0.18361452018723293
27.5,130.20000000000002,0.9996296,0.18361324454633662
27.5,134.4,0.99965656,0.18361208611331442
27.5,138.6,0.9996761,0.18361091461693732
27.5,142.8,0.9996994,0.18361002117744743
27.5,147.0,0.99971724,0.18360902023066542
27.5,151.20000000000002,0.9997332,0.1836080576971083
27.5,155.4,0.99974746,0.18360715046518522
27.5,159.6,0.99976057,0.18360631672422872
27.5,163.8,0.99977255,0.18360550490725602
27.5,168.0,0.99978495,0.18360475120187492
28.125,0.0,1.0227836,0.17571240457940981
28.125,4.2,1.0425574,0.1488024601118541
28.125,8.4,1.0157498,0.17972928382556602
28.125,12.6,1.0051774,0.18798561949664572
28.125,16.8,0.98804116,0.1914039989347119
28.125,21.0,0.9841711,0.16120770415610491
28.125,25.200000000000003,0.9887083,0.17367980910359412
28.125,29.4,0.99224603,0.17929750426028873
28.125,33.6,0.9944059,0.18142733706510403
28.125,37.8,0.99576974,0.18232502851453053
28.125,42.0,0.99670345,0.18282500947690491
28.125,46.2,0.9973679,0.18311858040367351
28.125,50.400000000000006,0.9978816,0.18330656489379593
28.125,54.6,0.99823123,0.18342890844179943
28.125,58.8,0.99849766,0.1835057602650063
28.125,63.0,0.99872416,0.18355569998068133
28.125,67.2,0.99889773,0.1835863880458634
28.125,71.4,0.9990105,0.18360768339318181
28.125,75.60000000000001,0.99908966,0.18361955412800282
28.125,79.8,0.9991813,0.18362616276300753
28.125,84.0,0.9992478,0.18363071434249403
28.125,88.2,0.99931246,0.1836317057406673
28.125,92.4,0.99934363,0.18363103658382382
28.125,96.6,0.99938977,0.18363069517768482
28.125,100.8,0.9994269,0.18362948058309542
28.125,105.0,0.99946284,0.18362783274093422
28.125,109.2,0.9994995,0.18362643371664533
28.125,113.4,0.99953496,0.18362467172574512
28.125,117.6,0.99956566,0.18362267405344643
28.125,121.8,0.99959517,0.18362093370142693
28.125,126.0,0.99962485,0.18361958290147132
28.125,130.20000000000002,0.9996483,0.1836179013892615
28.125,134.4,0.9996693,0.1836162228468979
28.125,138.6,0.9996841,0.18361464381750733
28.125,142.8,0.9997057,0.18361332376770642
28.125,147.0,0.9997212,0.18361200139414763
28.125,151.20000000000002,0.99973685,0.1836108173037757
28.125,155.4,0.9997515,0.18360963661701502
28.125,159.6,0.99976313,0.18360860741842183
28.125,163.8,0.99977607,0.18360762706476172
28.125,168.0,0.99978673,0.18360676697957262
28.75,0.0,1.0188305,0.17818714803641442
28.75,4.2,1.0407294,0.15744117822830303
28.75,8.4,1.0426079,0.1739000478229895
28.75,12.6,1.0176619,0.1972424749739931
28.75,16.8,1.0019261,0.18184141837770573
28.75,21.0,0.99319506,0.16127743987111343
28.75,25.200000000000003,0.99204683,0.17398100085316753
28.75,29.4,0.99386585,0.17973021976983522
28.75,33.6,0.99546987,0.18168606673148183
28.75,37.8,0.99640757,0.18251554375066573
28.75,42.0,0.9971601,0.18295284985553503
28.75,46.2,0.99769396,0.18321376608165083
28.75,50.400000000000006,0.9981007,0.18337771603371142
28.75,54.6,0.99839544,0.1834833803613606
28.75,58.8,0.9985777,0.18354679263820883
28.75,63.0,0.9987543,0.18358596474150873
28.75,67.2,0.9988964,0.18361079617125792
28.75,71.4,0.9990079,0.18362671381110002
28.75,75.60000000000001,0.9991129,0.18363474705416732
28.75,79.8,0.99917144,0.18363988078145793
28.75,84.0,0.9992479,0.18364171395525272
28.75,88.2,0.9993063,0.18364174118684762
28.75,92.4,0.9993595,0.1836409105534466
28.75,96.6,0.9994035,0.1836389962175707
28.75,100.8,0.99944824,0.1836369237790871
28.75,105.0,0.9995,0.18363478457824642
28.75,109.2,0.99953216,0.1836327380185769
28.75,113.4,0.99955827,0.18363042336049792
28.75,117.6,0.9995858,0.18362833737998113
28.75,121.8,0.99961126,0.183626182668144
28.75,126.0,0.999634,0.18362407747616513
28.75,130.20000000000002,0.99965763,0.18362189086141212
28.75,134.4,0.9996766,0.18361998375884253
28.75,138.6,0.9996964,0.18361798602736523
28.75,142.8,0.99971294,0.18361636263502482
28.75,147.0,0.99972796,0.18361486018784853
28.75,151.20000000000002,0.9997424,0.18361344201949112
28.75,155.4,0.99975574,0.18361211992935503
28.75,159.6,0.99976873,0.18361091937002413
28.75,163.8,0.9997805,0.1836097762475749
28.75,168.0,0.99979156,0.1836087627071044
29.375,0.0,1.0087998,0.17829017129188482
29.375,4.2,1.0208287,0.170229485354939
29.375,8.4,1.0451003,0.16168737434922373
29.375,12.6,1.0154256,0.20828847313111282
29.375,16.8,1.0024018,0.17367127990951692
29.375,21.0,0.99475193,0.16133737151192162
29.375,25.200000000000003,0.99439734,0.17405306948976232
29.375,29.4,0.9953298,0.18003854489073562
29.375,33.6,0.9963318,0.1818719141778034
29.375,37.8,0.9970277,0.18264291814508413
29.375,42.0,0.9974957,0.18305502028905993
29.375,46.2,0.99794763,0.18328716765115843
29.375,50.400000000000006,0.9982286,0.18343464869291143
29.375,54.6,0.9984612,0.18352524388142633
29.375,58.8,0.99866605,0.18358038808210872
29.375,63.0,0.9987882,0.18361408063232973
29.375,67.2,0.9989158,0.18363477689128382
29.375,71.4,0.9990336,0.18364415905215972
29.375,75.60000000000001,0.9991257,0.18365024841834862
29.375,79.8,0.9992002,0.18365280313895843
29.375,84.0,0.9992601,0.18365361893221022
29.375,88.2,0.9993157,0.18365314991181012
29.375,92.4,0.9993693,0.18365100761347572
29.375,96.6,0.9994171,0.18364819683425432
29.375,100.8,0.9994704,0.18364449205118882
29.375,105.0,0.99950415,0.18364163469021563
29.375,109.2,0.9995387,0.18363854530919121
29.375,113.4,0.9995674,0.1836359551123941
29.375,117.6,0.9995955,0.18363317616842242
29.375,121.8,0.99962217,0.18363043828227502
29.375,126.0,0.9996432,0.18362806828492392
29.375,130.20000000000002,0.9996679,0.18362560595042413
29.375,134.4,0.99968207,0.18362349513689913
29.375,138.6,0.99969923,0.18362149285459892
29.375,142.8,0.9997111,0.18361969920032223
29.375,147.0,0.99973327,0.18361768557942793
29.375,151.20000000000002,0.9997477,0.18361608459195133
29.375,155.4,0.9997605,0.18361457562196212
29.375,159.6,0.99977255,0.18361318516126193
29.375,163.8,0.9997831,0.18361191593418832
29.375,168.0,0.99979603,0.1836107074646821
30.0,0.0,0.99668777,0.17696137582471633
30.0,4.2,0.9946408,0.17572712338900182
30.0,8.4,1.0143567,0.15800834649083273
30.0,12.6,0.9945542,0.21472949236570132
30.0,16.8,0.98906636,0.17186531760424512
30.0,21.0,0.9937359,0.16231885531573892
30.0,25.200000000000003,0.9966803,0.17402982196272251
30.0,29.4,0.99660397,0.18013077807176053
30.0,33.6,0.996941,0.18200321528623692
30.0,37.8,0.99741244,0.18274462630161362
30.0,42.0,0.9978486,0.18312890729801162
30.0,46.2,0.99814904,0.18335058033748042
30.0,50.400000000000006,0.9984227,0.18347531441614193
30.0,54.6,0.9985946,0.1835600662717639
30.0,58.8,0.99874824,0.18360924492446523
30.0,63.0,0.9988708,0.18363870471823673
30.0,67.2,0.9989733,0.18365430209814673
30.0,71.4,0.9990741,0.1836620433630241
30.0,75.60000000000001,0.999146,0.18366535430638942
30.0,79.8,0.9992188,0.1836651041047256
30.0,84.0,0.9992835,0.1836642728474822
30.0,88.2,0.999338,0.18366139626532513
30.0,92.4,0.99936986,0.18366055219150712
30.0,96.6,0.9994072,0.18365723123226502
30.0,100.8,0.99946123,0.18365225501967472
30.0,105.0,0.99949545,0.18364858958386931
30.0,109.2,0.9995291,0.18364509931173603
30.0,113.4,0.9995564,0.183641822974926
30.0,117.6,0.999598,0.18363792424127753
30.0,121.8,0.9996247,0.1836350527671269
30.0,126.0,0.99964356,0.18363225364760852
30.0,130.20000000000002,0.9996648,0.18362965372706103
30.0,134.4,0.9996863,0.1836271287464419
30.0,138.6,0.99970275,0.1836248650935186
30.0,142.8,0.99972266,0.1836226074299127
30.0,147.0,0.99973774,0.18362058143499732
30.0,151.20000000000002,0.999751,0.18361867458806702
30.0,155.4,0.99976736,0.18361685575790043
30.0,159.6,0.99978,0.18361524378745592
30.0,163.8,0.99978966,0.18361381954590403
30.0,168.0,0.9997996,0.18361250516878602
30.625,0.0,0.9905605,0.17518445298848692
30.625,4.2,0.9910972,0.17705508600807013
30.625,8.4,1.003448,0.16058994151580022
30.625,12.6,0.98671013,0.2101644054019491
30.625,16.8,0.985691,0.17153529889780453
30.625,21.0,0.99352807,0.16417110278959163
30.625,25.200000000000003,0.99872446,0.17395466401928542
30.625,29.4,0.9976038,0.1801228195050736
30.625,33.6,0.99753934,0.18206973450332392
30.625,37.8,0.9978146,0.18281691578133033
30.625,42.0,0.99812186,0.1831901360992088
30.625,46.2,0.99835694,0.1833954755910031
30.625,50.400000000000006,0.99854696,0.18351853796853052
30.625,54.6,0.99872476,0.18358688102936663
30.625,58.8,0.99885327,0.1836306925203607
30.625,63.0,0.99894136,0.18365701274103513
30.625,67.2,0.9990274,0.18366984295730662
30.625,71.4,0.99909884,0.1836760879271646
30.625,75.60000000000001,0.9991547,0.18367946587224962
30.625,79.8,0.9992147,0.18367822436751863
30.625,84.0,0.99929506,0.18367398703510732
30.625,88.2,0.9993403,0.18367090264614291
30.625,92.4,0.99938595,0.1836670347656144
30.625,96.6,0.99942136,0.18366339830321463
30.625,100.8,0.99945,0.1836602692211856
30.625,105.0,0.99949026,0.18365557572850633
30.625,109.2,0.99952155,0.18365148207860263
30.625,113.4,0.9995569,0.1836470550967279
30.625,117.6,0.9995854,0.1836432643946329
30.625,121.8,0.9996101,0.18363981663501242
30.625,126.0,0.99963087,0.18363670934920412
30.625,130.20000000000002,0.9996502,0.18363380193117823
30.625,134.4,0.9996791,0.18363059430601802
30.625,138.6,0.99969476,0.18362812320089292
30.625,142.8,0.9997097,0.18362579623462602
30.625,147.0,0.99972427,0.1836235927351476
30.625,151.20000000000002,0.99973756,0.18362157965385953
30.625,155.4,0.9997539,0.1836195659651531
30.625,159.6,0.99976856,0.18361771032180452
30.625,163.8,0.9997834,0.18361598641456073
30.625,168.0,0.99979573,0.18361445555157413
31.25,0.0,0.9873905,0.1735904597337805
31.25,4.2,0.99215984,0.17786463194246763
31.25,8.4,0.99561816,0.16378714815182063
31.25,12.6,0.9910287,0.20039556076876372
31.25,16.8,0.98435074,0.17220481604648552
31.25,21.0,0.9938472,0.16616018621347692
31.25,25.200000000000003,0.99940354,0.17413546908922212
31.25,29.4,0.99860716,0.17998037354749433
31.25,33.6,0.99816334,0.18205794606730263
31.25,37.8,0.99819267,0.18284962048501863
31.25,42.0,0.99827904,0.1832377414425546
31.25,46.2,0.99848276,0.18343862810532813
31.25,50.400000000000006,0.9986808,0.18354659933491843
31.25,54.6,0.99882275,0.18361364608225153
31.25,58.8,0.99894595,0.18364836459162942
31.25,63.0,0.9990206,0.18367136576876342
31.25,67.2,0.9990906,0.18368310206055663
31.25,71.4,0.99914944,0.18368794198756272
31.25,75.60000000000001,0.9992017,0.18368904617888882
31.25,79.8,0.99925226,0.18368740767873262
31.25,84.0,0.9992931,0.18368475722921052
31.25,88.2,0.9993412,0.18368086055416313
31.25,92.4,0.9993852,0.18367559542022682
31.25,96.6,0.99942803,0.1836705378292287
31.25,100.8,0.9994655,0.1836657192311761
31.25,105.0,0.99949706,0.18366102526944522
31.25,109.2,0.99952316,0.18365734757539712
31.25,113.4,0.99955285,0.18365268717375421
31.25,117.6,0.99957883,0.18364863451525062
31.25,121.8,0.9996006,0.183644838666975
31.25,126.0,0.9996301,0.18364084204796913
31.25,130.20000000000002,0.9996543,0.18363725234292652
31.25,134.4,0.9996721,0.1836342956883245
31.25,138.6,0.9996881,0.18363159129499082
31.25,142.8,0.99970376,0.18362902783267543
31.25,147.0,0.99971795,0.183626656081559
31.25,151.20000000000002,0.99974173,0.18362392921012882
31.25,155.4,0.9997533,0.1836219405997835
31.25,159.6,0.9997636,0.18362007562914873
31.25,163.8,0.99977523,0.18361821940598022
31.25,168.0,0.99978507,0.1836166276026084
31.875,0.0,0.9870697,0.17318640639592742
31.875,4.2,0.99392116,0.17832762106607553
31.875,8.4,0.9915094,0.16554940269953752
31.875,12.6,0.99454576,0.1925142168389888
31.875,16.8,0.9856944,0.17314188750149742
31.875,21.0,0.9940438,0.1681571887000659
31.875,25.200000000000003,0.9996385,0.17440762724284162
31.875,29.4,0.99952614,0.1797144525115489
31.875,33.6,0.99852926,0.1820286092951335
31.875,37.8,0.99843186,0.1828666843554334
31.875,42.0,0.99852437,0.1832583447766087
31.875,46.2,0.99862665,0.18346890114209433
31.875,50.400000000000006,0.99875736,0.18357669222568512
31.875,54.6,0.9988868,0.18363466055506592
31.875,58.8,0.99898714,0.18366930214388513
31.875,63.0,0.99908435,0.18368548489274633
31.875,67.2,0.9991435,0.18369594311144913
31.875,71.4,0.9992154,0.18369706525543592
31.875,75.60000000000001,0.9992655,0.18369694236474002
31.875,79.8,0.9992905,0.18369599742342252
31.875,84.0,0.99932426,0.18369256192412212
31.875,88.2,0.99936366,0.1836881617044716
31.875,92.4,0.99939364,0.1836833327945671
31.875,96.6,0.99943024,0.1836778763735097
31.875,100.8,0.9994621,0.1836725101259175
31.875,105.0,0.99949175,0.18366745100833343
31.875,109.2,0.9995245,0.18366211391938841
31.875,113.4,0.99955094,0.1836579590599196
31.875,117.6,0.9995758,0.183653491879454
31.875,121.8,0.99959874,0.1836493375663429
31.875,126.0,0.9996211,0.1836453587535792
31.875,130.20000000000002,0.9996414,0.1836417758623526
31.875,134.4,0.9996656,0.18363824945945373
31.875,138.6,0.99968827,0.18363477658380872
31.875,142.8,0.9997063,0.18363182182392843
31.875,147.0,0.99972206,0.18362917729552122
31.875,151.20000000000002,0.99973506,0.1836268092190682
31.875,155.4,0.99974704,0.18362458413689922
31.875,159.6,0.99975836,0.18362253976557932
31.875,163.8,0.99976903,0.18362066169016522
31.875,168.0,0.99978954,0.18361833414066192
32.5,0.0,0.9902046,0.17425161712307752
32.5,4.2,0.99340373,0.17788816165577861
32.5,8.4,0.9893796,0.167067773481604
32.5,12.6,0.99598294,0.18781451853237552
32.5,16.8,0.98892766,0.17413876572631412
32.5,21.0,0.99478877,0.16999413507547712
32.5,25.200000000000003,0.9999859,0.1746733886107152
32.5,29.4,1.0000312,0.17947556224256211
32.5,33.6,0.99898344,0.1819218997208867
32.5,37.8,0.9986801,0.1828657513480015
32.5,42.0,0.9986657,0.18328143346218653
32.5,46.2,0.99877036,0.183481066900776
32.5,50.400000000000006,0.9988407,0.18359604659305592
32.5,54.6,0.99892426,0.18365590203399873
32.5,58.8,0.99903077,0.18368620138799052
32.5,63.0,0.99911684,0.1837000651150748
32.5,67.2,0.9991779,0.18370739504908382
32.5,71.4,0.9992357,0.1837085435870514
32.5,75.60000000000001,0.9992965,0.1837051543452858
32.5,79.8,0.9993378,0.18370207263673263
32.5,84.0,0.9993678,0.1836989568376405
32.5,88.2,0.99940467,0.18369407865374673
32.5,92.4,0.99943566,0.18368860557434352
32.5,96.6,0.9994656,0.18368245671576713
32.5,100.8,0.9994778,0.18367822803210612
32.5,105.0,0.99950814,0.1836723180409907
32.5,109.2,0.99953645,0.18366686436408902
32.5,113.4,0.9995536,0.1836626739669308
32.5,117.6,0.9995833,0.18365748420732783
32.5,121.8,0.999603,0.18365356314049353
32.5,126.0,0.9996241,0.18364921829094671
32.5,130.20000000000002,0.9996446,0.18364530447408953
32.5,134.4,0.9996616,0.18364180965440122
32.5,138.6,0.9996782,0.18363855021092523
32.5,142.8,0.9996946,0.18363544659283723
32.5,147.0,0.9997151,0.18363221622739642
32.5,151.20000000000002,0.9997311,0.18362946317772563
32.5,155.4,0.9997435,0.18362701568590453
32.5,159.6,0.99976075,0.18362458066522813
32.5,163.8,0.9997708,0.18362256140956001
32.5,168.0,0.9997806,0.18362070046268422
33.125,0.0,0.9918838,0.17522268454457493
33.125,4.2,0.9917173,0.1766624919176575
33.125,8.4,0.9908428,0.16915423779749392
33.125,12.6,0.99750406,0.18358746694170122
33.125,16.8,0.9911512,0.1749417000954331
33.125,21.0,0.9952268,0.17105541731988533
33.125,25.200000000000003,0.9997406,0.17512104693948732
33.125,29.4,1.0002654,0.1793405413363987
33.125,33.6,0.9994188,0.1817697695289003
33.125,37.8,0.9988833,0.18284035837110812
33.125,42.0,0.9988406,0.18327805669144223
33.125,46.2,0.99887145,0.18349509021781313
33.125,50.400000000000006,0.99893093,0.18361035133037662
33.125,54.6,0.9990143,0.18366734672005072
33.125,58.8,0.9990555,0.18370184048282992
33.125,63.0,0.99912596,0.18371585032017632
33.125,67.2,0.9992141,0.18371672382635432
33.125,71.4,0.99925673,0.18371853711020691
33.125,75.60000000000001,0.9993135,0.18371451840806793
33.125,79.8,0.9993463,0.18371150119568552
33.125,84.0,0.9993958,0.1837044644687824
33.125,88.2,0.99942076,0.1837000901286391
33.125,92.4,0.9994494,0.18369439212178462
33.125,96.6,0.9994724,0.18368891665281192
33.125,100.8,0.99951416,0.18368164569506662
33.125,105.0,0.9995392,0.18367605960599723
33.125,109.2,0.99955046,0.18367162758171263
33.125,113.4,0.9995712,0.18366618839680862
33.125,117.6,0.9995877,0.1836616753257853
33.125,121.8,0.99960834,0.18365702084267732
33.125,126.0,0.99962264,0.18365322230192563
33.125,130.20000000000002,0.99964064,0.18364929017999312
33.125,134.4,0.9996599,0.18364533253334112
33.125,138.6,0.9996852,0.1836413022017379
33.125,142.8,0.99969506,0.1836383564326977
33.125,147.0,0.9997098,0.1836353457196228
33.125,151.20000000000002,0.9997261,0.1836323773644472
33.125,155.4,0.9997388,0.18362980334076853
33.125,159.6,0.9997567,0.18362701715866003
33.125,163.8,0.99976844,0.18362478622812362
33.125,168.0,0.9997802,0.18362264455479252
33.75,0.0,0.99231225,0.17531016456933882
33.75,4.2,0.9908213,0.17599703130830932
33.75,8.4,0.9925095,0.17127947722850131
33.75,12.6,0.9980068,0.1811898781863643
33.75,16.8,0.9928036,0.17543366893168053
33.75,21.0,0.9957372,0.17190616129511263
33.75,25.200000000000003,0.99959,0.17544908060468203
33.75,29.4,1.000472,0.17922903725447423
33.75,33.6,0.9997259,0.1816230942131392
33.75,37.8,0.99911076,0.1827874030090851
33.75,42.0,0.998955,0.18327969160789173
33.75,46.2,0.99894094,0.18350834902133642
33.75,50.400000000000006,0.9989836,0.18362248301465892
33.75,54.6,0.9990438,0.1836835323227168
33.75,58.8,0.9991315,0.18370913343086293
33.75,63.0,0.9991741,0.18372465736535382
33.75,67.2,0.9992051,0.1837331281949597
33.75,71.4,0.9992875,0.1837266749560577
33.75,75.60000000000001,0.9993176,0.1837247271369064
33.75,79.8,0.9993554,0.18371898588373722
33.75,84.0,0.99940085,0.18371200129180032
33.75,88.2,0.9994409,0.18370522263566402
33.75,92.4,0.99946755,0.18369880234714542
33.75,96.6,0.9994878,0.18369360268900173
33.75,100.8,0.9995153,0.1836872556229731
33.75,105.0,0.9995408,0.18368119869045393
33.75,109.2,0.9995656,0.1836750527542234
33.75,113.4,0.9995873,0.18366982620135072
33.75,117.6,0.999606,0.18366460834517723
33.75,121.8,0.9996245,0.1836602093798833
33.75,126.0,0.9996408,0.18365581472211442
33.75,130.20000000000002,0.999656,0.18365160230957342
33.75,134.4,0.99966055,0.18364857618246563
33.75,138.6,0.99967414,0.18364510535230602
33.75,142.8,0.9996936,0.18364126394507202
33.75,147.0,0.9997071,0.18363814398132922
33.75,151.20000000000002,0.9997243,0.18363497428536862
33.75,155.4,0.99973834,0.18363217730628542
33.75,159.6,0.9997485,0.18362967280387732
33.75,163.8,0.9997602,0.18362726876498803
33.75,168.0,0.99977064,0.183625087170966
34.375,0.0,0.9925003,0.17598001976768163
34.375,4.2,0.99032086,0.1755866853287391
34.375,8.4,0.9933459,0.17295581373572672
34.375,12.6,0.99788547,0.18008187478952573
34.375,16.8,0.9938603,0.1759167159091742
34.375,21.0,0.9962786,0.17247525575362832
34.375,25.200000000000003,0.999166,0.1760005150819307
34.375,29.4,1.0005343,0.17920826919943902
34.375,33.6,1.0000488,0.18145413609470631
34.375,37.8,0.9994252,0.18268678780492362
34.375,42.0,0.99906874,0.1832684736981582
34.375,46.2,0.9990575,0.18350622591098212
34.375,50.400000000000006,0.99904484,0.18363125373739111
34.375,54.6,0.99909216,0.18369355980361962
34.375,58.8,0.9991387,0.18372391552287531
34.375,63.0,0.99920124,0.18373420462633652
34.375,67.2,0.99925953,0.18373690376791163
34.375,71.4,0.9992816,0.18373943037337442
34.375,75.60000000000001,0.9993525,0.18372972748597632
34.375,79.8,0.99937356,0.1837261151845442
34.375,84.0,0.99941194,0.18371858833468963
34.375,88.2,0.99943817,0.1837121720552541
34.375,92.4,0.99946666,0.18370516675728132
34.375,96.6,0.99950624,0.1836973186273483
34.375,100.8,0.9995322,0.18369101188414103
34.375,105.0,0.99954134,0.1836861624306798
34.375,109.2,0.9995678,0.18367966473763492
34.375,113.4,0.99958915,0.18367409350967842
34.375,117.6,0.9996169,0.1836679014871913
34.375,121.8,0.99962515,0.18366377002848402
34.375,126.0,0.9996444,0.18365912911984242
34.375,130.20000000000002,0.9996602,0.18365484363582793
34.375,134.4,0.9996794,0.18365049312022372
34.375,138.6,0.9996932,0.18364655042734032
34.375,142.8,0.9996955,0.1836441633300273
34.375,147.0,0.9997094,0.18364064763466753
34.375,151.20000000000002,0.9997192,0.18363762552046461
34.375,155.4,0.9997322,0.183634751146858
34.375,159.6,0.9997442,0.1836320798756307
34.375,163.8,0.99975896,0.1836293563878343
34.375,168.0,0.9997699,0.18362699011943992
35.0,0.0,0.99210626,0.17572180638990792
35.0,4.2,0.9903594,0.17540926436579252
35.0,8.4,0.9945348,0.17488048431292472
35.0,12.6,0.9978806,0.1792721994213649
35.0,16.8,0.9940721,0.17706721811920453
35.0,21.0,0.9969575,0.1727848896777026
35.0,25.200000000000003,0.99900734,0.17643071967245882
35.0,29.4,1.0001475,0.17940281496832652
35.0,33.6,1.000223,0.18135133337899773
35.0,37.8,0.9996209,0.18260945717160623
35.0,42.0,0.99922734,0.18323724988315082
35.0,46.2,0.9991136,0.18351092775493233
35.0,50.400000000000006,0.9991364,0.18363230079680481
35.0,54.6,0.9991487,0.1836980190117848
35.0,58.8,0.99917954,0.1837323500130003
35.0,63.0,0.9992283,0.18374514293248723
35.0,67.2,0.99927497,0.18374683928901692
35.0,71.4,0.9993188,0.18374329960887903
35.0,75.60000000000001,0.9993311,0.1837426698729064
35.0,79.8,0.99939036,0.18373146825637912
35.0,84.0,0.9994224,0.18372489909902942
35.0,88.2,0.9994516,0.18371745229062653
35.0,92.4,0.9994904,0.18370875738265172
35.0,96.6,0.9995143,0.18370164383611293
35.0,100.8,0.9995205,0.18369680386125262
35.0,105.0,0.99955106,0.18368978857977192
35.0,109.2,0.9995763,0.183683594779174
35.0,113.4,0.9995991,0.18367748722258653
35.0,117.6,0.9996124,0.1836723184960586
35.0,121.8,0.99963486,0.18366658481086043
35.0,126.0,0.9996543,0.18366153566752533
35.0,130.20000000000002,0.99966455,0.18365766213188953
35.0,134.4,0.9996778,0.18365365509946163
35.0,138.6,0.99969244,0.18364969228198633
35.0,142.8,0.9997102,0.18364556394029552
35.0,147.0,0.99972254,0.183642324133257
35.0,151.20000000000002,0.9997263,0.18363992737704493
35.0,155.4,0.99973863,0.18363667423304583
35.0,159.6,0.99975103,0.1836338115109938
35.0,163.8,0.9997583,0.1836313657923145
35.0,168.0,0.9997632,0.18362920796398652
35.625,0.0,0.991414,0.1753057001945209
35.625,4.2,0.9909631,0.17561654749852332
35.625,8.4,0.995025,0.17590058767924233
35.625,12.6,0.99746335,0.17929760697559122
35.625,16.8,0.9942828,0.1782041027567808
35.625,21.0,0.9977104,0.17291442397343493
35.625,25.200000000000003,0.9988019,0.17692500152304733
35.625,29.4,1.0000535,0.17945870440759393
35.625,33.6,1.0003746,0.18123341089208853
35.625,37.8,0.99984884,0.1825051369133484
35.625,42.0,0.99946046,0.18316340365164932
35.625,46.2,0.9992263,0.1834966918077217
35.625,50.400000000000006,0.9992007,0.18363299869538882
35.625,54.6,0.9992191,0.18369933087069412
35.625,58.8,0.9992297,0.18373625980903002
35.625,63.0,0.99925184,0.18375378533931752
35.625,67.2,0.9993028,0.18375393854934452
35.625,71.4,0.9993352,0.1837509362305539
35.625,75.60000000000001,0.999363,0.18374638129276402
35.625,79.8,0.99938595,0.1837407979250995
35.625,84.0,0.99943066,0.18373035585839423
35.625,88.2,0.99945855,0.1837230952375034
35.625,92.4,0.9994894,0.18371513879060342
35.625,96.6,0.9995152,0.18370690410228452
35.625,100.8,0.9995447,0.18369896412229822
35.625,105.0,0.99955624,0.18369379836156982
35.625,109.2,0.9995716,0.1836877444202046
35.625,113.4,0.9995896,0.1836822772183878
35.625,117.6,0.9996151,0.18367596583230822
35.625,121.8,0.9996414,0.18366979248905493
35.625,126.0,0.9996548,0.18366507058155251
35.625,130.20000000000002,0.9996717,0.18366009282104181
35.625,134.4,0.9996866,0.18365576728322003
35.625,138.6,0.9996959,0.18365222764668232
35.625,142.8,0.9997066,0.18364855629190813
35.625,147.0,0.99972177,0.18364476343350222
35.625,151.20000000000002,0.99973714,0.18364114319830013
35.625,155.4,0.999744,0.18363854148739783
35.625,159.6,0.9997576,0.18363537474335911
35.625,163.8,0.99976337,0.18363307765823222
35.625,168.0,0.9997705,0.18363070370885223
36.25,0.0,0.9911049,0.17519210518750233
36.25,4.2,0.9912764,0.17570140741972531
36.25,8.4,0.9955808,0.17690324675040303
36.25,12.6,0.9973946,0.17915532281724691
36.25,16.8,0.99558765,0.1778406721313998
36.25,21.0,0.99773633,0.17329266140240981
36.25,25.200000000000003,0.9987966,0.1772185030305775
36.25,29.4,0.9998965,0.17957036200438822
36.25,33.6,1.000327,0.18122631079828452
36.25,37.8,1.0000157,0.1824070893614722
36.25,42.0,0.99959093,0.18311458653993382
36.25,46.2,0.9993331,0.18347492058909043
36.25,50.400000000000006,0.99924487,0.18363558511733302
36.25,54.6,0.9992536,0.18370548932782402
36.25,58.8,0.99927115,0.18374215366218752
36.25,63.0,0.99930215,0.18375496091603652
36.25,67.2,0.99930733,0.1837642854509113
36.25,71.4,0.9993528,0.18375779982713372
36.25,75.60000000000001,0.99939483,0.18375014206833903
36.25,79.8,0.99940985,0.18374448638120053
36.25,84.0,0.999434,0.18373696582718071
36.25,88.2,0.99946165,0.1837284437389848
36.25,92.4,0.9994915,0.18372047873808592
36.25,96.6,0.99952126,0.18371202611646342
36.25,100.8,0.99955106,0.18370325050446631
36.25,105.0,0.99957174,0.18369616041713593
36.25,109.2,0.9995842,0.1836904734060222
36.25,113.4,0.9996011,0.18368465667929962
36.25,117.6,0.9996089,0.18368010995447742
36.25,121.8,0.9996318,0.18367404059441253
36.25,126.0,0.99965197,0.18366836531878372
36.25,130.20000000000002,0.99967015,0.18366324438927922
36.25,134.4,0.9996864,0.183658837190206
36.25,138.6,0.9997058,0.183654099383724
36.25,142.8,0.99971706,0.18365009471374233
36.25,147.0,0.99972224,0.18364725264925852
36.25,151.20000000000002,0.9997375,0.1836434446383073
36.25,155.4,0.999745,0.18364050502364213
36.25,159.6,0.999758,0.18363739901672232
36.25,163.8,0.99976563,0.18363484414446352
36.25,168.0,0.99977756,0.18363195139360203
36.875,0.0,0.99081266,0.17485597643915193
36.875,4.2,0.99224937,0.17644020887577952
36.875,8.4,0.99571776,0.17790475854083213
36.875,12.6,0.9972825,0.17916383826973542
36.875,16.8,0.9961942,0.1779203841587335
36.875,21.0,0.99791414,0.17364857969180542
36.875,25.200000000000003,0.99901,0.17735595466050863
36.875,29.4,0.99983346,0.17963231975656582
36.875,33.6,1.000094,0.1813355315178697
36.875,37.8,1.0000637,0.18235481040095142
36.875,42.0,0.9997278,0.1830587637354373
36.875,46.2,0.9994634,0.18343404823019513
36.875,50.400000000000006,0.9993203,0.1836269788770754
36.875,54.6,0.9992969,0.18370549231602762
36.875,58.8,0.99931204,0.1837406349798031
36.875,63.0,0.99932575,0.18375966392255702
36.875,67.2,0.99934524,0.1837667439126267
36.875,71.4,0.9993717,0.18376411695352332
36.875,75.60000000000001,0.99939984,0.18375725772611962
36.875,79.8,0.999439,0.18374751976420872
36.875,84.0,0.99946,0.18373969927958822
36.875,88.2,0.9994696,0.18373346004058902
36.875,92.4,0.9994998,0.1837242824595023
36.875,96.6,0.999511,0.18371808481953902
36.875,100.8,0.9995396,0.18370962281678463
36.875,105.0,0.99957544,0.18370029913691163
36.875,109.2,0.9995965,0.18369309638982853
36.875,113.4,0.99961525,0.18368664097322232
36.875,117.6,0.9996145,0.18368288777687322
36.875,121.8,0.9996347,0.18367709595648982
36.875,126.0,0.9996395,0.18367278726682973
36.875,130.20000000000002,0.9996623,0.18366700984670892
36.875,134.4,0.99968475,0.18366146889971482
36.875,138.6,0.99969804,0.1836571954142625
36.875,142.8,0.9997092,0.18365349476005702
36.875,147.0,0.999732,0.18364873270631651
36.875,151.20000000000002,0.9997422,0.1836453718952724
36.875,155.4,0.9997457,0.1836426413515712
36.875,159.6,0.9997587,0.18363929988306232
36.875,163.8,0.99977,0.18363632990981751
36.875,168.0,0.99977666,0.1836338816070043
37.5,0.0,0.99122345,0.17501408852397982
37.5,4.2,0.9930082,0.17701089092703753
37.5,8.4,0.9958022,0.1785391457585674
37.5,12.6,0.99715465,0.1793676763850015
37.5,16.8,0.9964633,0.17807946557096563
37.5,21.0,0.99820197,0.17398153692093693
37.5,25.200000000000003,0.9991399,0.17742117066754032
37.5,29.4,0.99973345,0.17975969332022101
37.5,33.6,0.99995494,0.1813920331016556
37.5,37.8,1.0002085,0.18225280137637623
37.5,42.0,0.99983436,0.18299354075882393
37.5,46.2,0.99959105,0.18338730639175563
37.5,50.400000000000006,0.99939615,0.18361230551849173
37.5,54.6,0.99935627,0.18370106628114172
37.5,58.8,0.99933237,0.18374688402477501
37.5,63.0,0.9993307,0.18376773915316952
37.5,67.2,0.99936146,0.18377039247143692
37.5,71.4,0.999381,0.18377096983657343
37.5,75.60000000000001,0.99941057,0.18376360717970483
37.5,79.8,0.9994387,0.18375475059577642
37.5,84.0,0.9994693,0.18374482849520832
37.5,88.2,0.9994925,0.183736268606346
37.5,92.4,0.99950975,0.1837282689523377
37.5,96.6,0.9995334,0.18371968788624493
37.5,100.8,0.9995398,0.18371407788393293
37.5,105.0,0.9995608,0.18370656955449402
37.5,109.2,0.99959016,0.18369784209804943
37.5,113.4,0.9996177,0.18369000963116003
37.5,117.6,0.99963576,0.18368380997514341
37.5,121.8,0.99964285,0.18367917557463473
37.5,126.0,0.99964947,0.1836749627045753
37.5,130.20000000000002,0.99966127,0.18367038304576722
37.5,134.4,0.99967533,0.18366515981552523
37.5,138.6,0.999697,0.18365980807688942
37.5,142.8,0.99971133,0.18365548896641312
37.5,147.0,0.9997232,0.18365171184566603
37.5,151.20000000000002,0.9997348,0.18364800317242272
37.5,155.4,0.9997534,0.18364389400205822
37.5,159.6,0.9997599,0.18364130816003943
37.5,163.8,0.99977106,0.18363811837943922
37.5,168.0,0.9997757,0.18363566413527382
38.125,0.0,0.99144924,0.1751071628800875
38.125,4.2,0.99375963,0.17768062628797632
38.125,8.4,0.99603367,0.1793168685429641
38.125,12.6,0.99707127,0.17963183149393191
38.125,16.8,0.99654514,0.17836844723772122
38.125,21.0,0.9984771,0.17416554489568822
38.125,25.200000000000003,0.9990754,0.1776010681120815
38.125,29.4,0.99983686,0.17976246427154152
38.125,33.6,0.99988025,0.18143888947809922
38.125,37.8,1.0001414,0.18225033851384112
38.125,42.0,0.9999171,0.1829356059186391
38.125,46.2,0.9996566,0.18335969193999863
38.125,50.400000000000006,0.99947643,0.1835858010794559
38.125,54.6,0.99938303,0.1837027590145338
38.125,58.8,0.99937755,0.183743659160254
38.125,63.0,0.9993778,0.1837642859343273
38.125,67.2,0.9993846,0.18377261974632933
38.125,71.4,0.9994002,0.1837729746784015
38.125,75.60000000000001,0.99940884,0.18377196667723242
38.125,79.8,0.99945617,0.18375943659055832
38.125,84.0,0.9994879,0.18374826887382842
38.125,88.2,0.9995027,0.18374009833261842
38.125,92.4,0.9995229,0.1837314680765073
38.125,96.6,0.99953496,0.18372422006076392
38.125,100.8,0.99954534,0.18371749725392272
38.125,105.0,0.9995613,0.18371025850438052
38.125,109.2,0.99957675,0.18370364103893302
38.125,113.4,0.99961007,0.18369448078219822
38.125,117.6,0.9996299,0.18368759909651522
38.125,121.8,0.9996502,0.18368138502952033
38.125,126.0,0.99966294,0.1836762422187578
38.125,130.20000000000002,0.9996655,0.18367252824464142
38.125,134.4,0.9996847,0.18366711084755552
38.125,138.6,0.9996932,0.18366289318704232
38.125,142.8,0.99970865,0.18365836084579243
38.125,147.0,0.9997219,0.1836540193860614
38.125,151.20000000000002,0.9997342,0.18365021762709102
38.125,155.4,0.9997451,0.18364670543937112
38.125,159.6,0.9997566,0.1836432552365372
38.125,163.8,0.9997722,0.18363966438382093
38.125,168.0,0.99977714,0.18363727761022372
38.75,0.0,0.9916327,0.17518498650970551
38.75,4.2,0.99411684,0.17772922396571783
38.75,8.4,0.9961172,0.17964041810413953
38.75,12.6,0.99706024,0.179746649294956
38.75,16.8,0.9969514,0.1781255071970775
38.75,21.0,0.998927,0.17411345423175703
38.75,25.200000000000003,0.99917525,0.17763898174932852
38.75,29.4,0.99980485,0.17986286008745941
38.75,33.6,0.9999428,0.18139796480158552
38.75,37.8,0.9999684,0.18232933281787403
38.75,42.0,0.9999543,0.18289466273211732
38.75,46.2,0.99974185,0.18331515503449883
38.75,50.400000000000006,0.99960494,0.18354233479097842
38.75,54.6,0.9994283,0.18369094992513302
38.75,58.8,0.9994145,0.1837407654712943
38.75,63.0,0.99939734,0.18376742081597572
38.75,67.2,0.9994085,0.18377490727340032
38.75,71.4,0.9994063,0.1837782936294735
38.75,75.60000000000001,0.9994252,0.18377399645976553
38.75,79.8,0.9994439,0.18376749842969312
38.75,84.0,0.99949133,0.18375414290987852
38.75,88.2,0.99951583,0.18374359057043163
38.75,92.4,0.99953747,0.18373406609884302
38.75,96.6,0.99955505,0.18372550102566862
38.75,100.8,0.99955827,0.18371992325243233
38.75,105.0,0.99957097,0.18371316262993642
38.75,109.2,0.99959004,0.1837053697665023
38.75,113.4,0.9995978,0.18369987800720802
38.75,117.6,0.9996257,0.18369151675216913
38.75,121.8,0.99964446,0.18368475534064432
38.75,126.0,0.9996607,0.18367903018132903
38.75,130.20000000000002,0.99968004,0.18367329033339802
38.75,134.4,0.999691,0.1836688642154004
38.75,138.6,0.99969023,0.18366583771036663
38.75,142.8,0.99970835,0.18366070458135011
38.75,147.0,0.999714,0.18365718098153702
38.75,151.20000000000002,0.99973583,0.18365214157891122
38.75,155.4,0.999739,0.1836492321190094
38.75,159.6,0.9997553,0.18364531548039603
38.75,163.8,0.999766,0.18364210081929033
38.75,168.0,0.9997771,0.1836388089106258
39.375,0.0,0.9921286,0.17557639550721021
39.375,4.2,0.9943832,0.17788205461433562
39.375,8.4,0.9961897,0.1797391917104952
39.375,12.6,0.9969758,0.17996545983290982
39.375,16.8,0.99728936,0.17788764855177533
39.375,21.0,0.9989062,0.17459602701424112
39.375,25.200000000000003,0.99935097,0.17770619512387012
39.375,29.4,0.99975973,0.17997279134396943
39.375,33.6,0.9999526,0.1813851831250866
39.375,37.8,0.99991435,0.18235148591152023
39.375,42.0,1.0000483,0.18282391699311953
39.375,46.2,0.99979573,0.18328015007316553
39.375,50.400000000000006,0.99962085,0.18353371373613342
39.375,54.6,0.9995214,0.18366579882835402
39.375,58.8,0.99940956,0.18374752567555083
39.375,63.0,0.9994222,0.18376699438433422
39.375,67.2,0.99942535,0.18377704380923063
39.375,71.4,0.999435,0.18377840278398552
39.375,75.60000000000001,0.9994388,0.1837767884435811
39.375,79.8,0.9994581,0.18376961441326742
39.375,84.0,0.99947226,0.18376344700741343
39.375,88.2,0.9995199,0.18374805763793362
39.375,92.4,0.9995442,0.1837379864483955
39.375,96.6,0.9995662,0.18372894028757292
39.375,100.8,0.99957657,0.18372126828977553
39.375,105.0,0.99958354,0.18371497601679862
39.375,109.2,0.9995942,0.18370859431315462
39.375,113.4,0.99960876,0.18370150252251471
39.375,117.6,0.99961585,0.18369610238013873
39.375,121.8,0.9996363,0.183688891388354
39.375,126.0,0.99966156,0.18368161244556572
39.375,130.20000000000002,0.99967384,0.18367644097683453
39.375,134.4,0.9996904,0.1836710571106804
39.375,138.6,0.9997022,0.1836666463721061
39.375,142.8,0.9997072,0.18366309728095032
39.375,147.0,0.999717,0.18365901429622622
39.375,151.20000000000002,0.9997307,0.18365480811235563
39.375,155.4,0.9997426,0.18365102110662682
39.375,159.6,0.99975646,0.18364708614687292
39.375,163.8,0.9997598,0.18364436786349692
39.375,168.0,0.9997743,0.1836408789340928
40.0,0.0,0.9925703,0.17593709286256373
40.0,4.2,0.9948651,0.17831399307415283
40.0,8.4,0.9962611,0.18000459555626552
40.0,12.6,0.99701357,0.17997973458871863
40.0,16.8,0.9975758,0.17771830038909983
40.0,21.0,0.99918,0.17472294400931082
40.0,25.200000000000003,0.999448,0.1777560897582141
40.0,29.4,0.99957407,0.18019128918688623
40.0,33.6,0.999961,0.1813941781683328
40.0,37.8,0.9999328,0.18233235979099421
40.0,42.0,1.0000213,0.1828146382605206
40.0,46.2,0.9998437,0.1832450343472926
40.0,50.400000000000006,0.9996747,0.1835083239262363
40.0,54.6,0.99959755,0.18363919386911842
40.0,58.8,0.9994832,0.18373000359242522
40.0,63.0,0.9994489,0.1837632548143489
40.0,67.2,0.99944925,0.18377548715783532
40.0,71.4,0.99944925,0.1837800243047386
40.0,75.60000000000001,0.99946314,0.18377645727703593
40.0,79.8,0.99946815,0.18377256924289212
40.0,84.0,0.99948263,0.1837653668684328
40.0,88.2,0.99950004,0.1837566631967784
40.0,92.4,0.9995405,0.1837431694271474
40.0,96.6,0.9995632,0.18373349382221202
40.0,100.8,0.99958795,0.1837236756741746
40.0,105.0,0.9995989,0.18371659619366462
40.0,109.2,0.99960876,0.18370980521855232
40.0,113.4,0.99961054,0.18370475624164
40.0,117.6,0.9996316,0.18369700900017613
40.0,121.8,0.99963504,0.18369224366625242
40.0,126.0,0.9996523,0.1836856249410921
40.0,130.20000000000002,0.99967325,0.1836789873072401
40.0,134.4,0.99968684,0.18367388217472722
40.0,138.6,0.9996998,0.18366896746591052
40.0,142.8,0.999713,0.18366436545619202
40.0,147.0,0.9997227,0.18366032994180462
40.0,151.20000000000002,0.9997272,0.18365721749618483
40.0,155.4,0.999741,0.18365301488039812
40.0,159.6,0.99974877,0.18364977985963393
40.0,163.8,0.99976474,0.18364568188121783
40.0,168.0,0.9997745,0.18364252403384201
