eo_gap_merit,eo_gap_corrected,closure_merit
0.004264961910113385,0.028406188425892154,0.9814837032593482
0.007545886146155367,0.008253018234094633,0.9655596057783176
0.004659940391850359,0.027110851638327382,0.9807968187652578
0.0018072007116437527,0.03373799424698942,0.9920253426072587
0.0031512384786587244,0.039831408918727274,0.9864000103421976
0.003983618763961361,0.045494186046511675,0.9822445931744008
0.01275834269800169,0.024991204515316223,0.9448346889194041
0.018970594830550302,0.03490557173729214,0.9109723586361722
0.0012279001061717976,0.016734143049932593,0.9950148679377296
0.0039285368919833585,0.041418276712394286,0.9843161856963614
0.01441909219443227,0.013779773228825842,0.9497589875353024
0.008497239475500407,0.03599463967547656,0.9661453858051209
0.013561306664754968,0.04303132853173164,0.9378405761384483
0.0054053229619461796,0.03329335572079628,0.9752427523576667
0.01146528382168066,0.013902096635420969,0.9481453133969331
7.939610104068517e-05,0.045079307858687745,0.9996252414310013
0.006555130367306372,0.041865589423429994,0.9743354159010166
0.00556830063829461,0.029503105590062084,0.9759552530493966
0.0023607233887608103,0.03323541374790984,0.9902633159791748
0.01564099080740844,0.04011882212660689,0.9232046246201733
0.0026590763240880166,0.016737588652482205,0.9885825785442127
0.02116870498604284,0.013576569868453792,0.9207899080133419
0.006894829658067647,0.04886673129298802,0.9676227886320664
0.002346370062972003,0.011204481792717047,0.9909939110504016
0.01426395236116873,0.026611273642152544,0.9450621088564388
0.0022621875353466825,0.032473890339425604,0.9897999972432425
0.006640147641968297,0.0555226491949079,0.9694176430048239
0.01510857563489143,0.03781670051252306,0.9414644580174442
0.0010343983351696062,0.04197490962196837,0.99590927795125
0.0024979234865881716,0.023692732070040745,0.9894533264569365
