method,family,setting,grant_rate,budget_ok,rate_centre,rate_remote,dp_gap,eo_gap_reviewers_mean,agree_reviewers_mean,eo_gap_consensus,agree_consensus,g_merit,eo_gap_corrected,eo_gap_merit,agree_corrected,agree_merit,pareto
"forêt aléatoire de production, au budget",modèle de production,,0.3995,True,0.4776559865092749,0.2856265356265356,0.19202945088273926,0.2672616525470139,0.9035,0.27432551968155683,0.903,0.20240137221269294,0.21636995927480063,0.20240137221269294,0.924,0.941,False
retrait 0%,contrainte d'équité : part de la pénalité régionale retirée,0.0,0.3995,True,0.46416526138279934,0.30528255528255527,0.15888270610024408,0.22334857663189195,0.9247,0.2306501547987616,0.9255,0.14302613456809943,0.16028048081470447,0.14302613456809943,0.936,0.9465,False
retrait 10%,contrainte d'équité : part de la pénalité régionale retirée,0.1,0.3995,True,0.4599494097807757,0.31142506142506143,0.14852434835571426,0.20749560720139132,0.9292999999999999,0.21517027863777094,0.9305,0.13076409602109018,0.14225243607547444,0.13076409602109018,0.939,0.9485,False
retrait 20%,contrainte d'équité : part de la pénalité régionale retirée,0.2,0.3995,True,0.45404721753794264,0.32002457002457,0.13402264751337262,0.1853416237283467,0.9356,0.19349845201238391,0.9375,0.11408630406678555,0.11621304108783237,0.11408630406678555,0.942,0.951,False
retrait 30%,contrainte d'équité : part de la pénalité régionale retirée,0.3,0.3995,True,0.44645868465430016,0.3310810810810811,0.11537760357321908,0.1574741917183241,0.9430999999999999,0.16563467492260064,0.9465,0.08047554267463175,0.08817164409818834,0.08047554267463175,0.944,0.9545,False
retrait 40%,contrainte d'équité : part de la pénalité régionale retirée,0.4,0.3995,True,0.43929173693086004,0.3415233415233415,0.09776839540751853,0.12988263334840963,0.9507999999999999,0.13931888544891646,0.955,0.055696288097068836,0.05578700570353323,0.055696288097068836,0.9505,0.957,False
retrait 50%,contrainte d'équité : part de la pénalité régionale retirée,0.5,0.3995,True,0.4342327150084317,0.3488943488943489,0.0853383661140828,0.11153974964011301,0.9554,0.1207430340557275,0.961,0.034347565251924395,0.03976430520670915,0.034347565251924395,0.9505,0.9585,False
retrait 60%,contrainte d'équité : part de la pénalité régionale retirée,0.6,0.3995,True,0.4274873524451939,0.35872235872235875,0.06876499372283518,0.087438821844007,0.9616999999999999,0.09597523219814241,0.969,0.017889462521863297,0.015730254461473248,0.017889462521863297,0.9505,0.957,False
retrait 70%,contrainte d'équité : part de la pénalité régionale retirée,0.7,0.3995,True,0.4220067453625632,0.3667076167076167,0.05529912865494652,0.06828048242601911,0.9669000000000001,0.07585139318885448,0.9755,-0.00028390607440709204,0.0019618951171539445,0.00028390607440709204,0.951,0.956,False
retrait 80%,contrainte d'équité : part de la pénalité régionale retirée,0.8,0.3995,True,0.4156829679595278,0.3759213759213759,0.03976159203815188,0.05355650168770818,0.9722000000000002,0.052631578947368474,0.983,-0.020682895503975507,0.02332549577958587,0.020682895503975507,0.951,0.9525,False
retrait 90%,contrainte d'équité : part de la pénalité régionale retirée,0.9,0.3995,True,0.4085160202360877,0.38636363636363635,0.02215238387245133,0.035290107754833655,0.9759,0.02310924369747902,0.9875,-0.04009666325866712,0.035673402952200894,0.04009666325866712,0.9475,0.9495,False
retrait 100%,contrainte d'équité : part de la pénalité régionale retirée,1.0,0.3995,True,0.40134907251264756,0.3968058968058968,0.004543175706750779,0.019085320879781032,0.9759,0.0018244139761167677,0.988,-0.060495652688235646,0.052693762209621964,0.060495652688235646,0.943,0.946,False
mélange 0,mélange du résidu TabM,0.0,0.3995,True,0.40134907251264756,0.3968058968058968,0.004543175706750779,0.013254045034388807,0.9801,0.0,1.0,-0.07228282452745693,0.045686755202615004,0.07228282452745693,0.9465,0.9455,False
mélange 0.5,mélange du résidu TabM,0.5,0.3995,True,0.40219224283305227,0.3955773955773956,0.006614847255656697,0.012411062920402772,0.9804,0.0009951348960637318,0.998,-0.06589662777040783,0.044017306120812005,0.06589662777040783,0.946,0.946,True
mélange 1,mélange du résidu TabM,1.0,0.3995,True,0.40219224283305227,0.3955773955773956,0.006614847255656697,0.015096918248104685,0.9803000000000001,0.0006081379920388486,0.996,-0.06319614022932174,0.04601930812281396,0.06319614022932174,0.945,0.946,False
mélange 1.5,mélange du résidu TabM,1.5,0.3995,True,0.4026138279932546,0.39496314496314494,0.007650683030109684,0.016277930010681386,0.9792,0.0014374170720919954,0.9945,-0.06221091855444483,0.04434985904101085,0.06221091855444483,0.9445,0.9465,False
mélange 2,mélange du résidu TabM,2.0,0.3995,True,0.4009274873524452,0.3974201474201474,0.0035073399322977927,0.014151508446403028,0.9776,0.005915524104378567,0.991,-0.06491140609553103,0.051024313127818965,0.06491140609553103,0.9425,0.9465,False
mélange 2.5,mélange du résidu TabM,2.5,0.3995,True,0.40134907251264756,0.3968058968058968,0.004543175706750779,0.019085320879781032,0.9759,0.0018244139761167677,0.988,-0.060495652688235646,0.052693762209621964,0.060495652688235646,0.943,0.946,False
mélange 3,mélange du résidu TabM,3.0,0.3995,True,0.4009274873524452,0.3974201474201474,0.0035073399322977927,0.01977852435999734,0.9748000000000001,0.002377266696152236,0.9865,-0.06319614022932174,0.05636521329342703,0.06319614022932174,0.9425,0.946,False
mélange 4,mélange du résidu TabM,4.0,0.3995,True,0.3996627318718381,0.39926289926289926,0.00039983260893883266,0.01745408451352959,0.9718,0.008182220256523709,0.9825,-0.06345131771286627,0.06470911646203803,0.06345131771286627,0.941,0.9445,False
mélange 5,mélange du résidu TabM,5.0,0.3995,True,0.40050590219224286,0.39803439803439805,0.002471504157844806,0.019246558021565295,0.9692000000000001,0.007739938080495334,0.979,-0.05706512095581706,0.06771211946504108,0.05706512095581706,0.9395,0.945,False
revenu -0.050,poids du revenu,-0.05,0.3995,True,0.39291736930860033,0.4090909090909091,0.016173539782308788,0.02393492898509819,0.9712,0.030185758513931793,0.9745,-0.08925128222460688,0.07170275450742891,0.08925128222460688,0.9215,0.941,False
revenu +0.000,poids du revenu,0.0,0.3995,True,0.3988195615514334,0.4004914004914005,0.0016718389399670852,0.018814117861060086,0.9776,0.0205661211853162,0.9865,-0.06932715950282642,0.06336887806002989,0.06932715950282642,0.935,0.947,False
revenu +0.025,poids du revenu,0.025,0.3995,True,0.40134907251264756,0.3968058968058968,0.004543175706750779,0.019085320879781032,0.9759,0.0018244139761167677,0.988,-0.060495652688235646,0.052693762209621964,0.060495652688235646,0.943,0.946,False
revenu +0.050,poids du revenu,0.05,0.3995,True,0.40472175379426645,0.3918918918918919,0.012829861902374562,0.026473329784450227,0.9727,0.016309155241043816,0.9855,-0.04870848084901436,0.04468909644201802,0.04870848084901436,0.951,0.9465,False
revenu +0.100,poids du revenu,0.1,0.3995,True,0.41020236087689715,0.38390663390663393,0.026295726970263222,0.032892035378726404,0.9648,0.033724015922158346,0.974,-0.02907502387007921,0.026009314824005925,0.02907502387007921,0.967,0.9455,False
revenu +0.190,poids du revenu,0.19,0.3995,True,0.41863406408094433,0.3716216216216216,0.047012442459322734,0.055665923918437096,0.9488,0.06540247678018574,0.9495,-0.008052455027080963,0.011340221690806063,0.008052455027080963,0.989,0.9315,False
déclaré,déclaré,,0.3995,True,0.40134907251264756,0.3968058968058968,0.004543175706750779,0.019085320879781032,0.9759,0.0018244139761167677,0.988,-0.060495652688235646,0.052693762209621964,0.060495652688235646,0.943,0.946,False
