config,eo_gap_reviewers_mean,agree_reviewers_mean,eo_gap_corrected,equity_corrected,utility_corrected,score_corrected,eo_gap_merit,equity_merit,utility_merit,score_merit,eo_gap_consensus,equity_consensus,utility_consensus,score_consensus,worst_case
"band 0.1, quorum 1.0, merit+hours_credit, blend none",0.049144262655898545,0.96936,0.014280108302318318,0.9449951941979645,0.9288532087730885,0.9380772004444463,0.02479242833328832,0.8908408214466308,0.9174586054906536,0.9022484431797834,0.05028235355005819,0.8404055380646464,0.95469950402349,0.8893886663327223,0.8893886663327223
"band 0.1, quorum 0.67, merit+hours_credit, blend none",0.049144262655898545,0.96936,0.014280108302318318,0.9449951941979645,0.9288532087730885,0.9380772004444463,0.02479242833328832,0.8908408214466308,0.9174586054906536,0.9022484431797834,0.05028235355005819,0.8404055380646464,0.95469950402349,0.8893886663327223,0.8893886663327223
"band 0.1, quorum 0.8, merit+hours_credit, blend none",0.049144262655898545,0.96936,0.014280108302318318,0.9449951941979645,0.9288532087730885,0.9380772004444463,0.02479242833328832,0.8908408214466308,0.9174586054906536,0.9022484431797834,0.05028235355005819,0.8404055380646464,0.95469950402349,0.8893886663327223,0.8893886663327223
"band 0.1, quorum 0.67, merit+hours_credit, blend boosting+neural_net",0.05031761369634226,0.9690666666666667,0.01407563918928736,0.9460845883224025,0.9260740372407874,0.9375086378588533,0.022892697224235214,0.8997065959430227,0.9202377770229548,0.9085056735487079,0.05154687229280817,0.8364681463841525,0.95469950402349,0.8871387282295828,0.8871387282295828
"band 0.1, quorum 0.8, merit+hours_credit, blend boosting+neural_net",0.05031761369634226,0.9690666666666667,0.01407563918928736,0.9460845883224025,0.9260740372407874,0.9375086378588533,0.022892697224235214,0.8997065959430227,0.9202377770229548,0.9085056735487079,0.05154687229280817,0.8364681463841525,0.95469950402349,0.8871387282295828,0.8871387282295828
"band 0.1, quorum 1.0, merit+hours_credit, blend boosting+neural_net",0.05031761369634226,0.9690666666666667,0.01407563918928736,0.9460845883224025,0.9260740372407874,0.9375086378588533,0.022892697224235214,0.8997065959430227,0.9202377770229548,0.9085056735487079,0.05154687229280817,0.8364681463841525,0.95469950402349,0.8871387282295828,0.8871387282295828
"band 0.1, quorum 0.5, merit+hours_credit, blend boosting+neural_net",0.05327184382490178,0.95792,0.010350560078803328,0.9606480594741165,0.84158722265883,0.9096219865532795,0.023936571096484192,0.8954370202090172,0.9402478120555238,0.9146416452860914,0.05372664600735879,0.8289960314289665,0.9371907233699922,0.8753651851179776,0.8753651851179776
"band 0.1, quorum 0.5, merit+hours_credit, blend none",0.05557057089174966,0.9569866666666667,0.011491083606822761,0.9567903532286544,0.8413093055055999,0.9072984756330594,0.021609805749878697,0.9059621330601129,0.9419153149749044,0.9213706395950236,0.05577415135310575,0.8225403802300015,0.9358011376038415,0.8710807048187901,0.8710807048187901
"band 0.05, quorum 0.5, merit+hours_credit, blend boosting+neural_net",0.053838789863104274,0.9605333333333332,0.011466090259934125,0.9559772871513672,0.8952252332322438,0.9299406926146002,0.021196103706050205,0.9067711689943312,0.9113444281195908,0.908731137190871,0.05717019686243896,0.8183709183965883,0.9371907233699923,0.8692936919566187,0.8692936919566187
"band 0.05, quorum 0.8, merit+hours_credit, blend boosting+neural_net",0.0544546597359409,0.9643466666666667,0.008601298138536561,0.9668864762676275,0.9427490664345948,0.9565418720534706,0.01564578016594076,0.9309594911912253,0.9035627478291474,0.9192180297503348,0.05873505980769624,0.8136947834612618,0.9380244748296827,0.8669789369048708,0.8669789369048708
"band 0.05, quorum 1.0, merit+hours_credit, blend boosting+neural_net",0.0544546597359409,0.9643466666666667,0.008601298138536561,0.9668864762676275,0.9427490664345948,0.9565418720534706,0.01564578016594076,0.9309594911912253,0.9035627478291474,0.9192180297503348,0.05873505980769624,0.8136947834612618,0.9380244748296827,0.8669789369048708,0.8669789369048708
"band 0.05, quorum 0.67, merit+hours_credit, blend boosting+neural_net",0.0544546597359409,0.9643466666666667,0.008601298138536561,0.9668864762676275,0.9427490664345948,0.9565418720534706,0.01564578016594076,0.9309594911912253,0.9035627478291474,0.9192180297503348,0.05873505980769624,0.8136947834612618,0.9380244748296827,0.8669789369048708,0.8669789369048708
"band 0.05, quorum 0.8, merit+hours_credit, blend none",0.05550645744094127,0.96472,0.010845668090512305,0.9577664935324031,0.9449724036604357,0.9522833121587027,0.018847850024733437,0.9171230267838701,0.9010614934500764,0.9102395124979585,0.05911913964721316,0.8123676765227617,0.9383023919829128,0.866339697434255,0.866339697434255
"band 0.05, quorum 1.0, merit+hours_credit, blend none",0.05550645744094127,0.96472,0.010845668090512305,0.9577664935324031,0.9449724036604357,0.9522833121587027,0.018847850024733437,0.9171230267838701,0.9010614934500764,0.9102395124979585,0.05911913964721316,0.8123676765227617,0.9383023919829128,0.866339697434255,0.866339697434255
"band 0.05, quorum 0.67, merit+hours_credit, blend none",0.05550645744094127,0.96472,0.010845668090512305,0.9577664935324031,0.9449724036604357,0.9522833121587027,0.018847850024733437,0.9171230267838701,0.9010614934500764,0.9102395124979585,0.05911913964721316,0.8123676765227617,0.9383023919829128,0.866339697434255,0.866339697434255
"band 0.05, quorum 0.5, merit+hours_credit, blend none",0.057139097941108205,0.9597066666666667,0.01251662953130197,0.9520150307016075,0.8930018960064027,0.9267236872608056,0.017548434385131716,0.9226040958614762,0.9119002624260512,0.9180167386748653,0.05958535799502771,0.8107766563940221,0.9355232204506116,0.864239469561132,0.864239469561132
"band 0.025, quorum 0.5, merit+hours_credit, blend boosting+neural_net",0.05672327055565687,0.9586666666666666,0.014935434925165114,0.9429989422023489,0.9427490664345948,0.9428918525875971,0.014655125155683613,0.9363361111172974,0.88660980148211,0.91502483555936,0.0615844994593695,0.8048322789885871,0.9219052799423355,0.8550064222544792,0.8550064222544792
"band 0.025, quorum 1.0, merit+hours_credit, blend boosting+neural_net",0.058202055963529245,0.9582133333333334,0.010624772353891388,0.9595082371314311,0.9635928529268538,0.9612587867580409,0.012357334930152319,0.9460801067079156,0.8824410441836582,0.9188062227689482,0.06353959681280737,0.7984234295434185,0.9169027711841933,0.8492002902466078,0.8492002902466078
"band 0.025, quorum 0.8, merit+hours_credit, blend boosting+neural_net",0.058202055963529245,0.9582133333333334,0.010624772353891388,0.9595082371314311,0.9635928529268538,0.9612587867580409,0.012357334930152319,0.9460801067079156,0.8824410441836582,0.9188062227689482,0.06353959681280737,0.7984234295434185,0.9169027711841933,0.8492002902466078,0.8492002902466078
"band 0.025, quorum 0.67, merit+hours_credit, blend boosting+neural_net",0.058202055963529245,0.9582133333333334,0.010624772353891388,0.9595082371314311,0.9635928529268538,0.9612587867580409,0.012357334930152319,0.9460801067079156,0.8824410441836582,0.9188062227689482,0.06353959681280737,0.7984234295434185,0.9169027711841933,0.8492002902466078,0.8492002902466078
"band 0.025, quorum 1.0, merit+hours_credit, blend none",0.058298063352778665,0.9580266666666667,0.009048843834602138,0.9653299091760934,0.9674836930720756,0.9662529594172286,0.012539575191881647,0.9452768332186755,0.8779943697319761,0.9164414917243757,0.06473993243836902,0.794508724154132,0.9152352682648125,0.846248671630138,0.846248671630138
"band 0.025, quorum 0.8, merit+hours_credit, blend none",0.058298063352778665,0.9580266666666667,0.009048843834602138,0.9653299091760934,0.9674836930720756,0.9662529594172286,0.012539575191881647,0.9452768332186755,0.8779943697319761,0.9164414917243757,0.06473993243836902,0.794508724154132,0.9152352682648125,0.846248671630138,0.846248671630138
"band 0.025, quorum 0.67, merit+hours_credit, blend none",0.058298063352778665,0.9580266666666667,0.009048843834602138,0.9653299091760934,0.9674836930720756,0.9662529594172286,0.012539575191881647,0.9452768332186755,0.8779943697319761,0.9164414917243757,0.06473993243836902,0.794508724154132,0.9152352682648125,0.846248671630138,0.846248671630138
"band 0.025, quorum 0.5, merit+hours_credit, blend none",0.06073882117319396,0.9571200000000001,0.011912025745878685,0.9548047428815245,0.9441386522007453,0.9502335611611906,0.00918068160708534,0.9602777578388487,0.8857760500224195,0.9283484544889505,0.06700985176584748,0.7874573543008558,0.9177365226438837,0.8432912835907249,0.8432912835907249
"band 0.1, quorum 0.5, hours_credit+lr_all+boosting+forest+neural_net+neighbours, blend boosting+neural_net",0.06347735428589532,0.95368,0.008755866435273596,0.9669216239462133,0.9777666277415902,0.9715694827156606,0.005880390472130204,0.9750140754377977,0.8652101806833905,0.9279552634001945,0.07081193059148091,0.7752158283293525,0.9018952449097666,0.8295070068638157,0.8295070068638157
"band 0.05, quorum 0.5, hours_credit+lr_all+boosting+forest+neural_net+neighbours, blend boosting+neural_net",0.0633902083163964,0.9537066666666666,0.008322026955880957,0.968547640206376,0.9780445448948203,0.9726177422157093,0.0056161896795278166,0.9761543027075869,0.8649322635301605,0.9284877144886898,0.07081193059148091,0.7752158283293525,0.9018952449097666,0.8295070068638157,0.8295070068638157
"band 0.025, quorum 0.5, hours_credit+lr_all+boosting+forest+neural_net+neighbours, blend boosting+neural_net",0.06465272682822838,0.9533866666666666,0.009755787781485826,0.9631820566602023,0.9780445448948203,0.9695516944750388,0.006997152807274976,0.9702867444508178,0.8640985120704701,0.9247775020020972,0.07204229922785828,0.7713930246148323,0.9010614934500764,0.8269652255442226,0.8269652255442226
"band 0.1, quorum 0.5, hours_credit+lr_all+boosting+forest+neural_net+neighbours, blend none",0.06512662268066174,0.9533866666666666,0.01232231234463923,0.9535105252754082,0.9758212076689793,0.9630722463012245,0.005852874123933538,0.975146490605546,0.8657660149898507,0.9282691439131053,0.07285963844806817,0.7687481865925986,0.9018952449097666,0.8258112115856706,0.8258112115856706
"band 0.05, quorum 0.5, hours_credit+lr_all+boosting+forest+neural_net+neighbours, blend none",0.06503947671116284,0.9534133333333333,0.01188847286524659,0.9551365415355708,0.9760991248222094,0.964120505801273,0.005588673331331173,0.9762867178753352,0.8654880978366206,0.9288015950016003,0.07285963844806817,0.7687481865925986,0.9018952449097666,0.8258112115856706,0.8258112115856706
"band 0.025, quorum 0.8, merit+programme_merit, blend boosting+neural_net",0.06839422985320523,0.9542133333333334,0.02063584884467893,0.9221605381262359,0.952476166797649,0.9351529504139844,0.010251352463802554,0.9557028340133122,0.8941135646193231,0.9293074328444598,0.07469566562092352,0.7632071377601869,0.9077315051275991,0.8251461523462208,0.8251461523462208
"band 0.025, quorum 0.67, merit+programme_merit, blend boosting+neural_net",0.06839422985320523,0.9542133333333334,0.02063584884467893,0.9221605381262359,0.952476166797649,0.9351529504139844,0.010251352463802554,0.9557028340133122,0.8941135646193231,0.9293074328444598,0.07469566562092352,0.7632071377601869,0.9077315051275991,0.8251461523462208,0.8251461523462208
"band 0.025, quorum 1.0, merit+programme_merit, blend boosting+neural_net",0.06839422985320523,0.9542133333333334,0.02063584884467893,0.9221605381262359,0.952476166797649,0.9351529504139844,0.010251352463802554,0.9557028340133122,0.8941135646193231,0.9293074328444598,0.07469566562092352,0.7632071377601869,0.9077315051275991,0.8251461523462208,0.8251461523462208
"band 0.05, quorum 0.8, hours_credit+lr_all+boosting+forest+neural_net+neighbours, blend none",0.06379857075877929,0.9506933333333333,0.008485413037931776,0.9679770734161934,0.9883274795643349,0.9766986760511112,0.008240933028188202,0.964729894642806,0.8549272460138759,0.917671616658979,0.07150132370442126,0.7730967931834705,0.8913343930870219,0.8237700502849925,0.8237700502849925
"band 0.1, quorum 0.67, hours_credit+lr_all+boosting+forest+neural_net+neighbours, blend none",0.06379857075877929,0.9506933333333333,0.008485413037931776,0.9679770734161934,0.9883274795643349,0.9766986760511112,0.008240933028188202,0.964729894642806,0.8549272460138759,0.917671616658979,0.07150132370442126,0.7730967931834705,0.8913343930870219,0.8237700502849925,0.8237700502849925
"band 0.025, quorum 0.67, hours_credit+lr_all+boosting+forest+neural_net+neighbours, blend none",0.06379857075877929,0.9506933333333333,0.008485413037931776,0.9679770734161934,0.9883274795643349,0.9766986760511112,0.008240933028188202,0.964729894642806,0.8549272460138759,0.917671616658979,0.07150132370442126,0.7730967931834705,0.8913343930870219,0.8237700502849925,0.8237700502849925
"band 0.05, quorum 0.67, hours_credit+lr_all+boosting+forest+neural_net+neighbours, blend none",0.06379857075877929,0.9506933333333333,0.008485413037931776,0.9679770734161934,0.9883274795643349,0.9766986760511112,0.008240933028188202,0.964729894642806,0.8549272460138759,0.917671616658979,0.07150132370442126,0.7730967931834705,0.8913343930870219,0.8237700502849925,0.8237700502849925
"band 0.025, quorum 0.8, hours_credit+lr_all+boosting+forest+neural_net+neighbours, blend none",0.06379857075877929,0.9506933333333333,0.008485413037931776,0.9679770734161934,0.9883274795643349,0.9766986760511112,0.008240933028188202,0.964729894642806,0.8549272460138759,0.917671616658979,0.07150132370442126,0.7730967931834705,0.8913343930870219,0.8237700502849925,0.8237700502849925
"band 0.1, quorum 0.8, hours_credit+lr_all+boosting+forest+neural_net+neighbours, blend none",0.06379857075877929,0.9506933333333333,0.008485413037931776,0.9679770734161934,0.9883274795643349,0.9766986760511112,0.008240933028188202,0.964729894642806,0.8549272460138759,0.917671616658979,0.07150132370442126,0.7730967931834705,0.8913343930870219,0.8237700502849925,0.8237700502849925
"band 0.025, quorum 1.0, merit+programme_merit, blend none",0.06795672621143159,0.9538399999999999,0.017430487690544318,0.9343288938587555,0.9544215868702599,0.9429400480065432,0.00868466336894067,0.962840689741679,0.8924460616999423,0.9326715634380778,0.07531302104492418,0.7610665497435034,0.9063419193614486,0.8233274224369085,0.8233274224369085
"band 0.025, quorum 0.8, merit+programme_merit, blend none",0.06795672621143159,0.9538399999999999,0.017430487690544318,0.9343288938587555,0.9544215868702599,0.9429400480065432,0.00868466336894067,0.962840689741679,0.8924460616999423,0.9326715634380778,0.07531302104492418,0.7610665497435034,0.9063419193614486,0.8233274224369085,0.8233274224369085
"band 0.025, quorum 0.67, merit+programme_merit, blend none",0.06795672621143159,0.9538399999999999,0.017430487690544318,0.9343288938587555,0.9544215868702599,0.9429400480065432,0.00868466336894067,0.962840689741679,0.8924460616999423,0.9326715634380778,0.07531302104492418,0.7610665497435034,0.9063419193614486,0.8233274224369085,0.8233274224369085
"band 0.1, quorum 1.0, lr_all+boosting+forest+neural_net+neighbours, blend none",0.06388183117424603,0.9503999999999999,0.00890484939045535,0.9663963901267003,0.9877716452578745,0.9755572137543466,0.009737372471949501,0.9582617369172091,0.8535376602477254,0.9133799897731446,0.07176231626005287,0.772320003972071,0.8902227244741014,0.8228497413300842,0.8228497413300842
"band 0.05, quorum 1.0, lr_all+boosting+forest+neural_net+neighbours, blend none",0.06388183117424603,0.9503999999999999,0.00890484939045535,0.9663963901267003,0.9877716452578745,0.9755572137543466,0.009737372471949501,0.9582617369172091,0.8535376602477254,0.9133799897731446,0.07176231626005287,0.772320003972071,0.8902227244741014,0.8228497413300842,0.8228497413300842
"band 0.05, quorum 1.0, merit+lr_all+boosting+forest+neural_net+neighbours, blend none",0.06388183117424603,0.9503999999999999,0.00890484939045535,0.9663963901267003,0.9877716452578745,0.9755572137543466,0.009737372471949501,0.9582617369172091,0.8535376602477254,0.9133799897731446,0.07176231626005287,0.772320003972071,0.8902227244741014,0.8228497413300842,0.8228497413300842
"band 0.025, quorum 1.0, hours_credit+lr_all+boosting+forest+neural_net+neighbours, blend none",0.06385466979353696,0.9504533333333333,0.009163247323271872,0.9654353311485057,0.9880495624111048,0.9751271445467623,0.009549384359433088,0.9591578308756088,0.8529818259412651,0.91365382876089,0.07176231626005287,0.772320003972071,0.8902227244741014,0.8228497413300842,0.8228497413300842
"band 0.05, quorum 1.0, hours_credit+lr_all+boosting+forest+neural_net+neighbours, blend none",0.06385466979353696,0.9504533333333333,0.009163247323271872,0.9654353311485057,0.9880495624111048,0.9751271445467623,0.009549384359433088,0.9591578308756088,0.8529818259412651,0.91365382876089,0.07176231626005287,0.772320003972071,0.8902227244741014,0.8228497413300842,0.8228497413300842
"band 0.025, quorum 1.0, lr_all+boosting+forest+neural_net+neighbours, blend none",0.06388183117424603,0.9503999999999999,0.00890484939045535,0.9663963901267003,0.9877716452578745,0.9755572137543466,0.009737372471949501,0.9582617369172091,0.8535376602477254,0.9133799897731446,0.07176231626005287,0.772320003972071,0.8902227244741014,0.8228497413300842,0.8228497413300842
"band 0.025, quorum 1.0, merit+lr_all+boosting+forest+neural_net+neighbours, blend none",0.06388183117424603,0.9503999999999999,0.00890484939045535,0.9663963901267003,0.9877716452578745,0.9755572137543466,0.009737372471949501,0.9582617369172091,0.8535376602477254,0.9133799897731446,0.07176231626005287,0.772320003972071,0.8902227244741014,0.8228497413300842,0.8228497413300842
"band 0.1, quorum 1.0, merit+lr_all+boosting+forest+neural_net+neighbours, blend none",0.06388183117424603,0.9503999999999999,0.00890484939045535,0.9663963901267003,0.9877716452578745,0.9755572137543466,0.009737372471949501,0.9582617369172091,0.8535376602477254,0.9133799897731446,0.07176231626005287,0.772320003972071,0.8902227244741014,0.8228497413300842,0.8228497413300842
"band 0.1, quorum 1.0, hours_credit+lr_all+boosting+forest+neural_net+neighbours, blend none",0.06385466979353696,0.9504533333333333,0.009163247323271872,0.9654353311485057,0.9880495624111048,0.9751271445467623,0.009549384359433088,0.9591578308756088,0.8529818259412651,0.91365382876089,0.07176231626005287,0.772320003972071,0.8902227244741014,0.8228497413300842,0.8228497413300842
"band 0.1, quorum 0.8, merit+lr_all+boosting+forest+neural_net+neighbours, blend none",0.06410480041436414,0.9505333333333332,0.008482529068102962,0.9679756900406117,0.9872158109514144,0.9762214561452414,0.008725535928374929,0.9628232237988517,0.8557609974735664,0.9169394125165866,0.07194282480817402,0.7716739920796061,0.891056475933792,0.8228379137314,0.8228379137314
"band 0.05, quorum 0.8, merit+lr_all+boosting+forest+neural_net+neighbours, blend none",0.06410480041436414,0.9505333333333332,0.008482529068102962,0.9679756900406117,0.9872158109514144,0.9762214561452414,0.008725535928374929,0.9628232237988517,0.8557609974735664,0.9169394125165866,0.07194282480817402,0.7716739920796061,0.891056475933792,0.8228379137314,0.8228379137314
"band 0.1, quorum 0.67, lr_all+boosting+forest+neural_net+neighbours, blend none",0.06405318751113834,0.9505066666666666,0.008013045500027838,0.9697300760055241,0.9874937281046444,0.9773430697622899,0.007993870320322949,0.9658383497646733,0.8557609974735664,0.9186623416399133,0.07194282480817402,0.7716739920796061,0.891056475933792,0.8228379137314,0.8228379137314
"band 0.05, quorum 0.8, lr_all+boosting+forest+neural_net+neighbours, blend none",0.06405318751113834,0.9505066666666666,0.008013045500027838,0.9697300760055241,0.9874937281046444,0.9773430697622899,0.007993870320322949,0.9658383497646733,0.8557609974735664,0.9186623416399133,0.07194282480817402,0.7716739920796061,0.891056475933792,0.8228379137314,0.8228379137314
"band 0.1, quorum 0.67, merit+lr_all+boosting+forest+neural_net+neighbours, blend none",0.06410480041436414,0.9505333333333332,0.008482529068102962,0.9679756900406117,0.9872158109514144,0.9762214561452414,0.008725535928374929,0.9628232237988517,0.8557609974735664,0.9169394125165866,0.07194282480817402,0.7716739920796061,0.891056475933792,0.8228379137314,0.8228379137314
"band 0.05, quorum 0.67, merit+lr_all+boosting+forest+neural_net+neighbours, blend none",0.06410480041436414,0.9505333333333332,0.008482529068102962,0.9679756900406117,0.9872158109514144,0.9762214561452414,0.008725535928374929,0.9628232237988517,0.8557609974735664,0.9169394125165866,0.07194282480817402,0.7716739920796061,0.891056475933792,0.8228379137314,0.8228379137314
"band 0.1, quorum 0.8, lr_all+boosting+forest+neural_net+neighbours, blend none",0.06405318751113834,0.9505066666666666,0.008013045500027838,0.9697300760055241,0.9874937281046444,0.9773430697622899,0.007993870320322949,0.9658383497646733,0.8557609974735664,0.9186623416399133,0.07194282480817402,0.7716739920796061,0.891056475933792,0.8228379137314,0.8228379137314
"band 0.05, quorum 0.67, lr_all+boosting+forest+neural_net+neighbours, blend none",0.06405318751113834,0.9505066666666666,0.008013045500027838,0.9697300760055241,0.9874937281046444,0.9773430697622899,0.007993870320322949,0.9658383497646733,0.8557609974735664,0.9186623416399133,0.07194282480817402,0.7716739920796061,0.891056475933792,0.8228379137314,0.8228379137314
"band 0.025, quorum 0.8, lr_all+boosting+forest+neural_net+neighbours, blend none",0.06405318751113834,0.9505066666666666,0.008013045500027838,0.9697300760055241,0.9874937281046444,0.9773430697622899,0.007993870320322949,0.9658383497646733,0.8557609974735664,0.9186623416399133,0.07194282480817402,0.7716739920796061,0.891056475933792,0.8228379137314,0.8228379137314
"band 0.025, quorum 0.67, merit+lr_all+boosting+forest+neural_net+neighbours, blend none",0.06410480041436414,0.9505333333333332,0.008482529068102962,0.9679756900406117,0.9872158109514144,0.9762214561452414,0.008725535928374929,0.9628232237988517,0.8557609974735664,0.9169394125165866,0.07194282480817402,0.7716739920796061,0.891056475933792,0.8228379137314,0.8228379137314
"band 0.025, quorum 0.8, merit+lr_all+boosting+forest+neural_net+neighbours, blend none",0.06410480041436414,0.9505333333333332,0.008482529068102962,0.9679756900406117,0.9872158109514144,0.9762214561452414,0.008725535928374929,0.9628232237988517,0.8557609974735664,0.9169394125165866,0.07194282480817402,0.7716739920796061,0.891056475933792,0.8228379137314,0.8228379137314
"band 0.025, quorum 0.67, lr_all+boosting+forest+neural_net+neighbours, blend none",0.06405318751113834,0.9505066666666666,0.008013045500027838,0.9697300760055241,0.9874937281046444,0.9773430697622899,0.007993870320322949,0.9658383497646733,0.8557609974735664,0.9186623416399133,0.07194282480817402,0.7716739920796061,0.891056475933792,0.8228379137314,0.8228379137314
"band 0.025, quorum 0.5, hours_credit+lr_all+boosting+forest+neural_net+neighbours, blend none",0.06636003051234804,0.9526666666666668,0.012317042921724686,0.953729718019517,0.9780445448948203,0.9641503581089326,0.00646811207346445,0.9725005666703355,0.8632647606107797,0.9256852212162402,0.07412444138668646,0.7646831144719927,0.8996719076839257,0.8225354544199639,0.8225354544199639
"band 0.025, quorum 0.5, merit+programme_merit, blend boosting+neural_net",0.06934917967378725,0.9536533333333332,0.01994036060536588,0.9248470453959617,0.9494190781121178,0.9353779165600284,0.009709666256831983,0.9582979976545843,0.8952252332322438,0.9312668129021524,0.07621230625281443,0.7583271035050606,0.9071756708211389,0.8221193466405227,0.8221193466405227
"band 0.025, quorum 0.5, merit+programme_merit, blend none",0.0682780736044937,0.9532266666666667,0.016291107985818832,0.9388411180253261,0.9516424153379587,0.9443273883021688,0.007859848081711784,0.9665820587811973,0.8938356474660931,0.9354050253604385,0.0757928025053902,0.7594741941722247,0.9055081679017583,0.8220601829134534,0.8220601829134534
"band 0.025, quorum 0.67, lr_all+boosting+forest+neural_net+neighbours, blend boosting+neural_net",0.06466831863765991,0.9497066666666667,0.008969315178041226,0.9664538269676927,0.9852703908788035,0.974518068643883,0.008146264729457764,0.9650644241169546,0.8554830803203363,0.9181009910612611,0.07283370910952966,0.7687907168279294,0.8899448073208713,0.8207138984677617,0.8207138984677617
"band 0.1, quorum 1.0, merit+lr_all+boosting+forest+neural_net+neighbours, blend boosting+neural_net",0.06461670573443411,0.9496800000000001,0.008710917245224704,0.9674148859458874,0.9849924737255733,0.9749481378514672,0.008146264729457764,0.9650644241169546,0.8554830803203363,0.9181009910612611,0.07283370910952966,0.7687907168279294,0.8899448073208713,0.8207138984677617,0.8207138984677617
"band 0.05, quorum 0.67, lr_all+boosting+forest+neural_net+neighbours, blend boosting+neural_net",0.06466831863765991,0.9497066666666667,0.008969315178041226,0.9664538269676927,0.9852703908788035,0.974518068643883,0.008146264729457764,0.9650644241169546,0.8554830803203363,0.9181009910612611,0.07283370910952966,0.7687907168279294,0.8899448073208713,0.8207138984677617,0.8207138984677617
"band 0.025, quorum 0.8, merit+lr_all+boosting+forest+neural_net+neighbours, blend boosting+neural_net",0.06461670573443411,0.9496800000000001,0.008710917245224704,0.9674148859458874,0.9849924737255733,0.9749481378514672,0.008146264729457764,0.9650644241169546,0.8554830803203363,0.9181009910612611,0.07283370910952966,0.7687907168279294,0.8899448073208713,0.8207138984677617,0.8207138984677617
"band 0.025, quorum 0.67, hours_credit+lr_all+boosting+forest+neural_net+neighbours, blend boosting+neural_net",0.06461670573443411,0.9496800000000001,0.008710917245224704,0.9674148859458874,0.9849924737255733,0.9749481378514672,0.008146264729457764,0.9650644241169546,0.8554830803203363,0.9181009910612611,0.07283370910952966,0.7687907168279294,0.8899448073208713,0.8207138984677617,0.8207138984677617
"band 0.1, quorum 0.67, merit+lr_all+boosting+forest+neural_net+neighbours, blend boosting+neural_net",0.06461670573443411,0.9496800000000001,0.008710917245224704,0.9674148859458874,0.9849924737255733,0.9749481378514672,0.008146264729457764,0.9650644241169546,0.8554830803203363,0.9181009910612611,0.07283370910952966,0.7687907168279294,0.8899448073208713,0.8207138984677617,0.8207138984677617
"band 0.025, quorum 0.67, merit+lr_all+boosting+forest+neural_net+neighbours, blend boosting+neural_net",0.06461670573443411,0.9496800000000001,0.008710917245224704,0.9674148859458874,0.9849924737255733,0.9749481378514672,0.008146264729457764,0.9650644241169546,0.8554830803203363,0.9181009910612611,0.07283370910952966,0.7687907168279294,0.8899448073208713,0.8207138984677617,0.8207138984677617
"band 0.025, quorum 1.0, merit+lr_all+boosting+forest+neural_net+neighbours, blend boosting+neural_net",0.06461670573443411,0.9496800000000001,0.008710917245224704,0.9674148859458874,0.9849924737255733,0.9749481378514672,0.008146264729457764,0.9650644241169546,0.8554830803203363,0.9181009910612611,0.07283370910952966,0.7687907168279294,0.8899448073208713,0.8207138984677617,0.8207138984677617
"band 0.1, quorum 0.67, lr_all+boosting+forest+neural_net+neighbours, blend boosting+neural_net",0.06466831863765991,0.9497066666666667,0.008969315178041226,0.9664538269676927,0.9852703908788035,0.974518068643883,0.008146264729457764,0.9650644241169546,0.8554830803203363,0.9181009910612611,0.07283370910952966,0.7687907168279294,0.8899448073208713,0.8207138984677617,0.8207138984677617
"band 0.1, quorum 0.67, hours_credit+lr_all+boosting+forest+neural_net+neighbours, blend boosting+neural_net",0.06461670573443411,0.9496800000000001,0.008710917245224704,0.9674148859458874,0.9849924737255733,0.9749481378514672,0.008146264729457764,0.9650644241169546,0.8554830803203363,0.9181009910612611,0.07283370910952966,0.7687907168279294,0.8899448073208713,0.8207138984677617,0.8207138984677617
"band 0.1, quorum 0.8, hours_credit+lr_all+boosting+forest+neural_net+neighbours, blend boosting+neural_net",0.06461670573443411,0.9496800000000001,0.008710917245224704,0.9674148859458874,0.9849924737255733,0.9749481378514672,0.008146264729457764,0.9650644241169546,0.8554830803203363,0.9181009910612611,0.07283370910952966,0.7687907168279294,0.8899448073208713,0.8207138984677617,0.8207138984677617
"band 0.1, quorum 0.8, merit+lr_all+boosting+forest+neural_net+neighbours, blend boosting+neural_net",0.06461670573443411,0.9496800000000001,0.008710917245224704,0.9674148859458874,0.9849924737255733,0.9749481378514672,0.008146264729457764,0.9650644241169546,0.8554830803203363,0.9181009910612611,0.07283370910952966,0.7687907168279294,0.8899448073208713,0.8207138984677617,0.8207138984677617
"band 0.025, quorum 0.8, hours_credit+lr_all+boosting+forest+neural_net+neighbours, blend boosting+neural_net",0.06461670573443411,0.9496800000000001,0.008710917245224704,0.9674148859458874,0.9849924737255733,0.9749481378514672,0.008146264729457764,0.9650644241169546,0.8554830803203363,0.9181009910612611,0.07283370910952966,0.7687907168279294,0.8899448073208713,0.8207138984677617,0.8207138984677617
"band 0.05, quorum 0.67, hours_credit+lr_all+boosting+forest+neural_net+neighbours, blend boosting+neural_net",0.06461670573443411,0.9496800000000001,0.008710917245224704,0.9674148859458874,0.9849924737255733,0.9749481378514672,0.008146264729457764,0.9650644241169546,0.8554830803203363,0.9181009910612611,0.07283370910952966,0.7687907168279294,0.8899448073208713,0.8207138984677617,0.8207138984677617
"band 0.05, quorum 1.0, hours_credit+lr_all+boosting+forest+neural_net+neighbours, blend boosting+neural_net",0.06461670573443411,0.9496800000000001,0.008710917245224704,0.9674148859458874,0.9849924737255733,0.9749481378514672,0.008146264729457764,0.9650644241169546,0.8554830803203363,0.9181009910612611,0.07283370910952966,0.7687907168279294,0.8899448073208713,0.8207138984677617,0.8207138984677617
"band 0.1, quorum 1.0, lr_all+boosting+forest+neural_net+neighbours, blend boosting+neural_net",0.06461670573443411,0.9496800000000001,0.008710917245224704,0.9674148859458874,0.9849924737255733,0.9749481378514672,0.008146264729457764,0.9650644241169546,0.8554830803203363,0.9181009910612611,0.07283370910952966,0.7687907168279294,0.8899448073208713,0.8207138984677617,0.8207138984677617
"band 0.05, quorum 0.67, merit+lr_all+boosting+forest+neural_net+neighbours, blend boosting+neural_net",0.06461670573443411,0.9496800000000001,0.008710917245224704,0.9674148859458874,0.9849924737255733,0.9749481378514672,0.008146264729457764,0.9650644241169546,0.8554830803203363,0.9181009910612611,0.07283370910952966,0.7687907168279294,0.8899448073208713,0.8207138984677617,0.8207138984677617
"band 0.1, quorum 0.8, lr_all+boosting+forest+neural_net+neighbours, blend boosting+neural_net",0.06466831863765991,0.9497066666666667,0.008969315178041226,0.9664538269676927,0.9852703908788035,0.974518068643883,0.008146264729457764,0.9650644241169546,0.8554830803203363,0.9181009910612611,0.07283370910952966,0.7687907168279294,0.8899448073208713,0.8207138984677617,0.8207138984677617
"band 0.05, quorum 0.8, merit+lr_all+boosting+forest+neural_net+neighbours, blend boosting+neural_net",0.06461670573443411,0.9496800000000001,0.008710917245224704,0.9674148859458874,0.9849924737255733,0.9749481378514672,0.008146264729457764,0.9650644241169546,0.8554830803203363,0.9181009910612611,0.07283370910952966,0.7687907168279294,0.8899448073208713,0.8207138984677617,0.8207138984677617
"band 0.1, quorum 1.0, hours_credit+lr_all+boosting+forest+neural_net+neighbours, blend boosting+neural_net",0.06461670573443411,0.9496800000000001,0.008710917245224704,0.9674148859458874,0.9849924737255733,0.9749481378514672,0.008146264729457764,0.9650644241169546,0.8554830803203363,0.9181009910612611,0.07283370910952966,0.7687907168279294,0.8899448073208713,0.8207138984677617,0.8207138984677617
"band 0.05, quorum 0.8, lr_all+boosting+forest+neural_net+neighbours, blend boosting+neural_net",0.06466831863765991,0.9497066666666667,0.008969315178041226,0.9664538269676927,0.9852703908788035,0.974518068643883,0.008146264729457764,0.9650644241169546,0.8554830803203363,0.9181009910612611,0.07283370910952966,0.7687907168279294,0.8899448073208713,0.8207138984677617,0.8207138984677617
"band 0.05, quorum 0.8, hours_credit+lr_all+boosting+forest+neural_net+neighbours, blend boosting+neural_net",0.06461670573443411,0.9496800000000001,0.008710917245224704,0.9674148859458874,0.9849924737255733,0.9749481378514672,0.008146264729457764,0.9650644241169546,0.8554830803203363,0.9181009910612611,0.07283370910952966,0.7687907168279294,0.8899448073208713,0.8207138984677617,0.8207138984677617
"band 0.025, quorum 1.0, lr_all+boosting+forest+neural_net+neighbours, blend boosting+neural_net",0.06461670573443411,0.9496800000000001,0.008710917245224704,0.9674148859458874,0.9849924737255733,0.9749481378514672,0.008146264729457764,0.9650644241169546,0.8554830803203363,0.9181009910612611,0.07283370910952966,0.7687907168279294,0.8899448073208713,0.8207138984677617,0.8207138984677617
"band 0.025, quorum 0.8, lr_all+boosting+forest+neural_net+neighbours, blend boosting+neural_net",0.06466831863765991,0.9497066666666667,0.008969315178041226,0.9664538269676927,0.9852703908788035,0.974518068643883,0.008146264729457764,0.9650644241169546,0.8554830803203363,0.9181009910612611,0.07283370910952966,0.7687907168279294,0.8899448073208713,0.8207138984677617,0.8207138984677617
"band 0.05, quorum 1.0, merit+lr_all+boosting+forest+neural_net+neighbours, blend boosting+neural_net",0.06461670573443411,0.9496800000000001,0.008710917245224704,0.9674148859458874,0.9849924737255733,0.9749481378514672,0.008146264729457764,0.9650644241169546,0.8554830803203363,0.9181009910612611,0.07283370910952966,0.7687907168279294,0.8899448073208713,0.8207138984677617,0.8207138984677617
"band 0.025, quorum 1.0, hours_credit+lr_all+boosting+forest+neural_net+neighbours, blend boosting+neural_net",0.06461670573443411,0.9496800000000001,0.008710917245224704,0.9674148859458874,0.9849924737255733,0.9749481378514672,0.008146264729457764,0.9650644241169546,0.8554830803203363,0.9181009910612611,0.07283370910952966,0.7687907168279294,0.8899448073208713,0.8207138984677617,0.8207138984677617
"band 0.05, quorum 1.0, lr_all+boosting+forest+neural_net+neighbours, blend boosting+neural_net",0.06461670573443411,0.9496800000000001,0.008710917245224704,0.9674148859458874,0.9849924737255733,0.9749481378514672,0.008146264729457764,0.9650644241169546,0.8554830803203363,0.9181009910612611,0.07283370910952966,0.7687907168279294,0.8899448073208713,0.8207138984677617,0.8207138984677617
"band 0.05, quorum 0.5, lr_all+boosting+forest+neural_net+neighbours, blend none",0.06658805842748379,0.94992,0.012699169294302214,0.9521847709938687,0.981935385040042,0.9649350341565144,0.007353296812247323,0.9690938258030937,0.8588180861590977,0.9218327945270953,0.07457177087447434,0.763404795958788,0.8910564759337918,0.8181126588052182,0.8181126588052182
"band 0.05, quorum 0.5, lr_all+boosting+forest+neural_net+neighbours, blend boosting+neural_net",0.06703126477877645,0.9497333333333332,0.013145981261502437,0.9505263999376261,0.981657467886812,0.9638682862015628,0.00807386140640871,0.965819854190268,0.8579843346994073,0.9196046315513277,0.07470790388093669,0.7629492272108207,0.8905006416273317,0.817614119103611,0.817614119103611
"band 0.1, quorum 0.5, lr_all+boosting+forest+neural_net+neighbours, blend boosting+neural_net",0.06703126477877645,0.9497333333333332,0.013145981261502437,0.9505263999376261,0.981657467886812,0.9638682862015628,0.00807386140640871,0.965819854190268,0.8579843346994073,0.9196046315513277,0.07470790388093669,0.7629492272108207,0.8905006416273317,0.817614119103611,0.817614119103611
"band 0.025, quorum 0.5, lr_all+boosting+forest+neural_net+neighbours, blend boosting+neural_net",0.06703126477877645,0.9497333333333332,0.013145981261502437,0.9505263999376261,0.981657467886812,0.9638682862015628,0.00807386140640871,0.965819854190268,0.8579843346994073,0.9196046315513277,0.07470790388093669,0.7629492272108207,0.8905006416273317,0.817614119103611,0.817614119103611
"band 0.1, quorum 0.5, lr_all+boosting+forest+neural_net+neighbours, blend none",0.06699267959423291,0.9497866666666667,0.013404379194318982,0.9495416672222611,0.981935385040042,0.9634246891441671,0.007806811551476334,0.9671365649340904,0.8585401690058676,0.9205952523934234,0.07497097247128073,0.7621668842465803,0.8907785587805618,0.8172861733325723,0.8172861733325723
"band 0.025, quorum 0.5, lr_all+boosting+forest+neural_net+neighbours, blend none",0.06703444561404984,0.9498666666666666,0.012213687242563952,0.9540638903532643,0.9827691364997324,0.9663661387017506,0.007888263367237447,0.9667359275734977,0.8582622518526375,0.9202472094074148,0.07501327197822709,0.7619819948549236,0.8907785587805618,0.8171805222516255,0.8171805222516255
"band 0.1, quorum 0.5, merit+lr_all+boosting+forest+neural_net+neighbours, blend boosting+neural_net",0.07018515777609471,0.9513066666666667,0.013595121129716503,0.9491616603357101,0.9735978704431384,0.9596343218103222,0.00941092741935845,0.9602102969666625,0.8699347722883026,0.9215207863902226,0.07728176023407633,0.7548070948028809,0.8966148189983943,0.8155818337438152,0.8155818337438152
"band 0.05, quorum 0.5, merit+lr_all+boosting+forest+neural_net+neighbours, blend boosting+neural_net",0.07050263297334493,0.9512,0.013595121129716503,0.9491616603357101,0.9735978704431384,0.9596343218103222,0.009864442158587483,0.9582530360976593,0.8696568551350724,0.9202832442565507,0.07768096183088273,0.753569183090673,0.8963369018451642,0.8147553482711694,0.8147553482711694
"band 0.025, quorum 0.5, merit+lr_all+boosting+forest+neural_net+neighbours, blend boosting+neural_net",0.0709258482727384,0.9511466666666667,0.014125558907853608,0.9471764790146115,0.9741537047495985,0.9587381471867488,0.010317956897816494,0.956295775228656,0.8693789379818423,0.9190457021228788,0.07808016342768911,0.7523312713784653,0.896058984691934,0.8139288627985234,0.8139288627985234
"band 0.05, quorum 0.5, merit+lr_all+boosting+forest+neural_net+neighbours, blend none",0.07130129879321036,0.9515466666666667,0.01554782126366725,0.9417511663749106,0.9733199532899082,0.9552806464813381,0.00964583813772415,0.9592078621897471,0.8702126894415327,0.9210670738690838,0.07886215679161457,0.7497654736363696,0.8974485704580847,0.8130582294171047,0.8130582294171047
"band 0.1, quorum 0.5, merit+lr_all+boosting+forest+neural_net+neighbours, blend none",0.0717930659294584,0.9513866666666667,0.016415500222452507,0.9384991338545854,0.972764118983448,0.9531841274812407,0.00961973656999875,0.9593328515373672,0.8702126894415327,0.9211384963534381,0.07926135838842097,0.7485275619241619,0.8971706533048545,0.8122317439444589,0.8122317439444589
"band 0.025, quorum 0.5, merit+lr_all+boosting+forest+neural_net+neighbours, blend none",0.07134150096177515,0.9509599999999999,0.015974140243053925,0.9402088914540958,0.9752653733625192,0.9552330979862772,0.010049693218028266,0.957325059306098,0.8682672693689218,0.9191574350473083,0.07906954349928337,0.7490003121840223,0.8955031503854739,0.8117872428417872,0.8117872428417872
"band 0.05, quorum 0.5, merit+programme_merit, blend boosting+neural_net",0.07884858926184278,0.9524266666666668,0.022551131064846897,0.9157473886091498,0.9119002624260512,0.9140986202449648,0.00986574253428969,0.957420147148056,0.9316323803053898,0.9463682470726276,0.08533851619807216,0.7289129646612755,0.911622345272821,0.8072169849233664,0.8072169849233664
"band 0.05, quorum 0.8, merit+programme_merit, blend boosting+neural_net",0.07945212689390588,0.9531733333333333,0.024406162823532983,0.9088493827834532,0.9191261084100344,0.9132536937662736,0.009152430346006036,0.9603542012223938,0.9288532087730885,0.9468537758869774,0.0858756055923527,0.727359769557188,0.9121781795792814,0.8065676595666564,0.8065676595666564
"band 0.05, quorum 1.0, merit+programme_merit, blend boosting+neural_net",0.07945212689390588,0.9531733333333333,0.024406162823532983,0.9088493827834532,0.9191261084100344,0.9132536937662736,0.009152430346006036,0.9603542012223938,0.9288532087730885,0.9468537758869774,0.0858756055923527,0.727359769557188,0.9121781795792814,0.8065676595666564,0.8065676595666564
"band 0.05, quorum 0.67, merit+programme_merit, blend boosting+neural_net",0.07945212689390588,0.9531733333333333,0.024406162823532983,0.9088493827834532,0.9191261084100344,0.9132536937662736,0.009152430346006036,0.9603542012223938,0.9288532087730885,0.9468537758869774,0.0858756055923527,0.727359769557188,0.9121781795792814,0.8065676595666564,0.8065676595666564
"band 0.05, quorum 1.0, merit+programme_merit, blend none",0.08008942967200305,0.95312,0.02274552700480099,0.9150756792345971,0.9185702741035741,0.916573362749873,0.009984543535113044,0.9569378386531199,0.9285752916198584,0.9447824613531507,0.08679624214950843,0.7244119646139733,0.911622345272821,0.8046449848963366,0.8046449848963366
"band 0.05, quorum 0.8, merit+programme_merit, blend none",0.08008942967200305,0.95312,0.02274552700480099,0.9150756792345971,0.9185702741035741,0.916573362749873,0.009984543535113044,0.9569378386531199,0.9285752916198584,0.9447824613531507,0.08679624214950843,0.7244119646139733,0.911622345272821,0.8046449848963366,0.8046449848963366
"band 0.05, quorum 0.67, merit+programme_merit, blend none",0.08008942967200305,0.95312,0.02274552700480099,0.9150756792345971,0.9185702741035741,0.916573362749873,0.009984543535113044,0.9569378386531199,0.9285752916198584,0.9447824613531507,0.08679624214950843,0.7244119646139733,0.911622345272821,0.8046449848963366,0.8046449848963366
"band 0.05, quorum 0.5, merit+programme_merit, blend none",0.08089653375801663,0.9522133333333332,0.022289876875259053,0.9166154580638531,0.9121781795792814,0.9147137672847508,0.008512683782431706,0.9634190170503611,0.9313544631521596,0.9496770653797034,0.08799060391962502,0.7205060222420038,0.9107885938131306,0.8020556957724867,0.8020556957724867
"consensus panel, audit mode",0.01715912143969673,0.9834933333333333,0.050793964359411546,0.8070775744727996,0.8860539671756497,0.8409245999168782,0.061808981215354164,0.7305751907619544,0.8871656357885701,0.7976853814876469,0.0020438676272312773,0.9935756985440403,0.9969429113144687,0.9950187897313667,0.7976853814876469
consensus panel,0.015110491195941173,0.9858933333333333,0.05590938536179624,0.7878743081327978,0.8777164525787459,0.8263780843239183,0.06316290341005135,0.7248630044056379,0.8849422985627292,0.7934684161872484,0.006272692656836188,0.9800766595099741,0.9888833138707952,0.9838509399503261,0.7934684161872484
"band 0.1, quorum 0.8, merit+programme_merit, blend none",0.09085529880219236,0.9479733333333333,0.03293546673176193,0.8763163311564961,0.8774385354255159,0.8767972758432189,0.007067493393522572,0.9695377643342455,0.9699849474511467,0.969729414241489,0.09527129165606991,0.6972219269837538,0.9027289963694571,0.7852963852919123,0.7852963852919123
"band 0.1, quorum 0.67, merit+programme_merit, blend none",0.09085529880219236,0.9479733333333333,0.03293546673176193,0.8763163311564961,0.8774385354255159,0.8767972758432189,0.007067493393522572,0.9695377643342455,0.9699849474511467,0.969729414241489,0.09527129165606991,0.6972219269837538,0.9027289963694571,0.7852963852919123,0.7852963852919123
"band 0.1, quorum 1.0, merit+programme_merit, blend none",0.09085529880219236,0.9479733333333333,0.03293546673176193,0.8763163311564961,0.8774385354255159,0.8767972758432189,0.007067493393522572,0.9695377643342455,0.9699849474511467,0.969729414241489,0.09527129165606991,0.6972219269837538,0.9027289963694571,0.7852963852919123,0.7852963852919123
"band 0.1, quorum 0.8, merit+programme_merit, blend boosting+neural_net",0.09107475982350548,0.9476266666666667,0.032267136346522916,0.8787406940892242,0.8782722868852062,0.8785399481446451,0.006806210243285515,0.9703452395565213,0.9699849474511467,0.970190828654218,0.09511256418845845,0.6976571376174612,0.9018952449097668,0.7851877550284493,0.7851877550284493
"band 0.1, quorum 0.67, merit+programme_merit, blend boosting+neural_net",0.09107475982350548,0.9476266666666667,0.032267136346522916,0.8787406940892242,0.8782722868852062,0.8785399481446451,0.006806210243285515,0.9703452395565213,0.9699849474511467,0.970190828654218,0.09511256418845845,0.6976571376174612,0.9018952449097668,0.7851877550284493,0.7851877550284493
"band 0.1, quorum 1.0, merit+programme_merit, blend boosting+neural_net",0.09107475982350548,0.9476266666666667,0.032267136346522916,0.8787406940892242,0.8782722868852062,0.8785399481446451,0.006806210243285515,0.9703452395565213,0.9699849474511467,0.970190828654218,0.09511256418845845,0.6976571376174612,0.9018952449097668,0.7851877550284493,0.7851877550284493
"band 0.1, quorum 0.5, merit+programme_merit, blend boosting+neural_net",0.09295037344201565,0.9450933333333333,0.03283021648171549,0.8765863834266941,0.8652101806833906,0.8717108679652782,0.006987419293268826,0.9699156360230567,0.968595361684996,0.9693498041638879,0.09763136862389266,0.6895079891016607,0.8974485704580847,0.7786253811115567,0.7786253811115567
"band 0.1, quorum 0.5, merit+programme_merit, blend none",0.09280081421660479,0.9450133333333334,0.03283464557198035,0.8765711278965643,0.8652101806833905,0.8717021505194898,0.006490664403582547,0.9719283272119632,0.9688732788382263,0.9706190207660759,0.09791301312841824,0.6885836623364472,0.8977264876113148,0.7782163017399619,0.7782163017399619
