method,family,setting,grant_rate,rate_centre,rate_remote,dp_gap,eo_gap_reviewers_mean,agree_reviewers_mean,eo_gap_consensus,agree_consensus,g_merit,eo_gap_corrected,eo_gap_merit,eo_gap_historical,agree_corrected,agree_merit,acc_historical,grant_rate_std,rate_centre_std,rate_remote_std,dp_gap_std,eo_gap_reviewers_mean_std,agree_reviewers_mean_std,eo_gap_consensus_std,agree_consensus_std,g_merit_std,eo_gap_corrected_std,eo_gap_merit_std,eo_gap_historical_std,agree_corrected_std,agree_merit_std,acc_historical_std,budget_ok,pareto,pareto_merit
"production RF, natural threshold (anchor)",baseline,,0.3806333333333333,0.4581690131687943,0.26452319344535136,0.19364581972344297,0.316178196110373,0.9088200000000001,0.3243628632123553,0.9095666666666666,0.24673537040493967,0.25276426201905483,0.24673537040493967,0.04513589770395691,0.9233,0.9436333333333333,0.8777000000000001,0.007206735532613697,0.010710698406554314,0.009755631763824399,0.0143829598709243,0.015962828781726758,0.005713406369730666,0.01613746099291336,0.0063655127905314765,0.018778978986460304,0.016276657528745967,0.018778978986460304,0.017144752645911553,0.005857252547688819,0.002093198863338484,0.003195096551797565,True,False,False
production RF at budget,baseline,,0.3993333333333333,0.47411884793355724,0.2873450578322784,0.18677379010127876,0.26640420664440584,0.9108666666666666,0.27120398117749267,0.9108,0.18771492996645173,0.2113295205390823,0.18771492996645173,0.0328742887516396,0.9282,0.9459333333333333,0.8756666666666666,0.0,0.005427995624349728,0.0096701235358411,0.014925388835968365,0.013979639974181217,0.006180255298574276,0.01443728675824729,0.006789970817588532,0.012136960529434592,0.018310683252614497,0.012136960529434592,0.013414966292156919,0.006004525042636945,0.003102368668940688,0.00399072999912622,True,False,False
drop proxies only,ablation,,0.3993333333333333,0.4433960600733733,0.3332411829426887,0.11015487713068461,0.14191551548852388,0.9212,0.1483592649641726,0.9194666666666667,0.05899558726338573,0.0892792841924618,0.05899558726338573,0.07427272805165831,0.9617333333333333,0.9272,0.8747333333333334,0.0,0.004645662357510232,0.008501017837545841,0.01312672180379056,0.013609957459409319,0.004057366414587461,0.015239732099912582,0.0041550207617849656,0.01411288099788417,0.011570823015572277,0.01411288099788417,0.010396636053403062,0.0030824072683377506,0.002625609864487468,0.00555511109333191,True,False,False
"ThresholdOptimizer, natural rate",post-processing,,0.4404,0.5116709603774323,0.33361805476360007,0.1780529056138322,0.17093961337909394,0.8948933333333333,0.1773125169964728,0.8932666666666667,0.10382983293355326,0.1038783765900672,0.10382983293355326,0.008852521309926975,0.9283333333333333,0.9108,0.8758000000000001,0.004580689473145132,0.007004211426640069,0.011916098279504652,0.015548321434085728,0.015313381003394728,0.006168914505230142,0.015127049308504836,0.006318305758217224,0.011844789365536911,0.015810466890537476,0.011844789365536911,0.0058253575973969095,0.005700335705946971,0.002234411016933211,0.007165073035562051,False,False,False
ExpGrad eps=0.3,ExpGrad sweep,0.3,0.3993333333333333,0.44450368146479613,0.3315663310858631,0.11293735037893304,0.15864274697336592,0.9103200000000001,0.16448299473994762,0.9084,0.0753496546700866,0.1096270685570014,0.0753496546700866,0.07077937965595106,0.9498,0.9166000000000001,0.8662000000000001,0.0,0.006823269890865452,0.011502264135365745,0.01829620865624373,0.014875486338775933,0.009334645410419822,0.012914324202256048,0.009949005781955424,0.01974109312021653,0.02214231696547067,0.01974109312021653,0.012716409836822685,0.00914114291689835,0.008790848215370288,0.008612652191849972,True,False,False
ExpGrad eps=0.2,ExpGrad sweep,0.2,0.3993333333333333,0.44450368146479613,0.3315663310858631,0.11293735037893304,0.15864274697336592,0.9103200000000001,0.16448299473994762,0.9084,0.0753496546700866,0.1096270685570014,0.0753496546700866,0.07077937965595106,0.9498,0.9166000000000001,0.8662000000000001,0.0,0.006823269890865452,0.011502264135365745,0.01829620865624373,0.014875486338775933,0.009334645410419822,0.012914324202256048,0.009949005781955424,0.01974109312021653,0.02214231696547067,0.01974109312021653,0.012716409836822685,0.00914114291689835,0.008790848215370288,0.008612652191849972,True,False,False
ExpGrad eps=0.1,ExpGrad sweep,0.1,0.3993333333333333,0.44450368146479613,0.3315663310858631,0.11293735037893304,0.15864274697336592,0.9103200000000001,0.16448299473994762,0.9084,0.0753496546700866,0.1096270685570014,0.0753496546700866,0.07077937965595106,0.9498,0.9166000000000001,0.8662000000000001,0.0,0.006823269890865452,0.011502264135365745,0.01829620865624373,0.014875486338775933,0.009334645410419822,0.012914324202256048,0.009949005781955424,0.01974109312021653,0.02214231696547067,0.01974109312021653,0.012716409836822685,0.00914114291689835,0.008790848215370288,0.008612652191849972,True,False,False
ExpGrad eps=0.05,ExpGrad sweep,0.05,0.3993333333333333,0.4451695759095025,0.3305640820268311,0.11460549388267142,0.15998460994518743,0.90988,0.16589981230191425,0.9079333333333333,0.0781906823769625,0.10994901213179151,0.0781906823769625,0.06756756813874414,0.9492666666666667,0.9173333333333333,0.8668666666666667,0.0,0.007011865842235328,0.011813784693639357,0.018796199414413156,0.01566069485636742,0.009357524205646487,0.013886133484730794,0.009940315716475495,0.0189076392786161,0.02173704336075538,0.0189076392786161,0.01289755715854557,0.00922396235256204,0.008502722875426217,0.008983111726806933,True,False,False
ExpGrad eps=0.02,ExpGrad sweep,0.02,0.3993333333333333,0.45436157662991805,0.31686378561917966,0.1374977910107384,0.18412669659477077,0.90012,0.18942844487926352,0.8981999999999999,0.10216339980820824,0.13615634855489336,0.10216339980820824,0.04039701806321307,0.9384666666666666,0.9163333333333334,0.8677333333333334,0.0,0.005934881368803307,0.010326491010021166,0.016196092822535115,0.013771207186637092,0.006191495561167005,0.013905616732789127,0.006703969710294273,0.019396640595086997,0.014659906920508661,0.019396640595086997,0.01639764991226857,0.00611050502044949,0.0053908930980925696,0.0071471309965245155,True,False,False
ExpGrad eps=0.01,ExpGrad sweep,0.01,0.3993333333333333,0.45712935322363235,0.3126735828077784,0.14445577041585386,0.19631448789651823,0.89488,0.20133495257002307,0.8929333333333334,0.11524175380859343,0.14950626401030573,0.11524175380859343,0.03053301217365394,0.9328,0.9126666666666667,0.8657999999999999,0.0,0.006858226538681362,0.012004881999931879,0.018817152898990323,0.02072083109391661,0.008898927664626036,0.020553183680980067,0.008422192905255312,0.02782420769579572,0.025999347370782862,0.02782420769579572,0.017115722020666996,0.009437513796899395,0.0068276851092165525,0.0075949951031771094,True,False,False
"committee, penalty removal=0.0",penalty removal sweep,0.0,0.3993333333333333,0.48762499416140337,0.26710049138069997,0.22052450278070332,0.31423375032649764,0.8949466666666666,0.31968300081350487,0.8941333333333332,0.23159454947260977,0.26900552427060265,0.23159454947260977,0.07452105237902372,0.9212666666666667,0.9064666666666665,0.8863333333333333,0.0,0.0034521365331364657,0.00835779221396486,0.01170661598409117,0.009078788492919189,0.004562195702688518,0.008169960158673384,0.005162064856261196,0.011895001873125473,0.007897727679582604,0.011895001873125473,0.010088546022371792,0.0026378067956843113,0.004263540521418569,0.002968975381308308,True,False,True
"committee, penalty removal=0.2",penalty removal sweep,0.2,0.3993333333333333,0.4762265375524567,0.2841698107636582,0.1920567267887985,0.26965194377095775,0.9070133333333332,0.27503786754393295,0.9062666666666667,0.18603680586069277,0.2222282671834781,0.18603680586069277,0.03471315948060061,0.9349333333333334,0.9141999999999999,0.8852,0.0,0.003429634103376316,0.007718706318029564,0.0110333151244562,0.007328376724984006,0.00515103249868109,0.007414910332408188,0.005753796384953702,0.011942213057607658,0.005978276086809589,0.011942213057607658,0.013040603254011948,0.0027791107912645894,0.00409817785465624,0.003884759712606571,True,False,True
"committee, penalty removal=0.4",penalty removal sweep,0.4,0.3993333333333333,0.46230694497617747,0.3049442527985894,0.15736269217758805,0.21569574001800182,0.9202933333333332,0.22144583020810185,0.9195333333333334,0.13067478580466813,0.16541812538709808,0.13067478580466813,0.0133492527034357,0.9516,0.9211333333333334,0.8836666666666666,0.0,0.004645752873716853,0.009212738384131683,0.013817405214962376,0.006066663852069718,0.0037753194615869194,0.006805638580201462,0.004489218909760683,0.013966562345545044,0.008400526921416544,0.013966562345545044,0.0098514559571379,0.002226662231088947,0.0035839146815241536,0.003928371006591932,True,False,True
"committee, penalty removal=0.6",penalty removal sweep,0.6000000000000001,0.3993333333333333,0.44952190657234337,0.32410282753805014,0.1254190790342932,0.1652289887276256,0.9311066666666667,0.17099499147149397,0.9298666666666667,0.08676701976216468,0.11290703443176804,0.08676701976216468,0.05571995926959653,0.9669333333333334,0.9253333333333333,0.8804000000000001,0.0,0.005187902586550851,0.009172472366002849,0.014305064315225246,0.008655031769708577,0.0039911259588934385,0.011175733188300936,0.00449746156112835,0.01305833358234723,0.012187354945501265,0.01305833358234723,0.013501891774627179,0.0037738541716184418,0.002703450013465902,0.002866580532728375,True,False,True
"committee, penalty removal=0.8",penalty removal sweep,0.8,0.3993333333333333,0.4368798607646275,0.3429596531274306,0.09392020763719687,0.11348321145989729,0.9410666666666667,0.11941156589328923,0.9394,0.04460560771568536,0.06132657690581519,0.04460560771568536,0.09563798023022073,0.9820666666666666,0.9271333333333333,0.8764666666666667,0.0,0.005508719956959546,0.009536197299720602,0.01503324649484113,0.008379759954490243,0.0036243347622888665,0.008619867213461111,0.004162738889448667,0.012012946375009579,0.008430880589525968,0.012012946375009579,0.009979181433542827,0.0023820315014865135,0.004061867234671589,0.0037191529634356484,True,False,True
"committee, penalty removal=1.0",penalty removal sweep,1.0,0.3993333333333333,0.42191899279213985,0.36534928444455644,0.0565697083475834,0.06367562210180364,0.9484,0.07062697683320138,0.9458,-0.0018696119246951026,0.0,0.008709011420894886,0.1351838147519376,1.0,0.9266666666666667,0.8680666666666668,0.0,0.005360207091761301,0.00881523420876471,0.014172901843680646,0.007834393833648414,0.0035254279137870337,0.010686564359875982,0.004533006524167867,0.011086587055756662,0.0,0.00652088440747356,0.011050071124159466,0.0,0.003975231959999603,0.0034347533920497716,True,False,True
"jury, band 0.0",jury band sweep,0.0,0.3993333333333333,0.4235870942826561,0.3628515793260374,0.060735514956618705,0.06802761505554951,0.9501733333333332,0.07521149727368409,0.9480000000000001,0.003040380859648728,0.009776943518415081,0.010262329764094847,0.13162884368764627,0.9922000000000001,0.9322000000000001,0.8694,0.0,0.005362760894842428,0.008842877761334534,0.01420159477412804,0.00937879376262378,0.0036254518662599956,0.011425674010657907,0.004477653706579974,0.012594496848568783,0.006772398311506845,0.007202447066135806,0.010589484536205717,0.001604007327343888,0.003950933629309655,0.002443434134649519,True,False,False
"jury, band 0.0125",jury band sweep,0.0125,0.3993333333333333,0.4238064529444941,0.36251176238196614,0.06129469056252801,0.06864426961486138,0.9509866666666668,0.07648592475386037,0.9502666666666666,0.0044815330087007,0.010386896910714472,0.009166819842455164,0.12984815096542768,0.9874,0.938,0.8694666666666666,0.0,0.005848020319695419,0.00954589303466432,0.015389061972306278,0.009768124772569298,0.003583335917311724,0.011160503312349229,0.0044132236754867256,0.012007253796617356,0.0030488183868590197,0.008551171553703942,0.011001708516861226,0.0013498971154210625,0.003950308629918037,0.003011090610836341,True,False,True
"jury, band 0.025",jury band sweep,0.025,0.3993333333333333,0.4245832796342766,0.36134223775223645,0.06324104188204016,0.07280617624348906,0.95244,0.08000851801787186,0.9536666666666667,0.004956775855391482,0.01346657850331251,0.010107966096355859,0.12386039779704316,0.9789999999999999,0.9466666666666667,0.869,0.0,0.006394968909573411,0.010365049061449477,0.01675356606314518,0.010248247879904906,0.0033437171597556574,0.012042739440953095,0.0043347576006958185,0.01424990669150844,0.006720899766559752,0.01080907565790792,0.012656104504729267,0.002335977337958746,0.004354648431614526,0.003162277660168368,True,False,False
"jury, band 0.05",jury band sweep,0.05,0.3993333333333333,0.4260893814190518,0.3591046572901167,0.06698472412893512,0.08498439492342927,0.9524266666666668,0.09063393379510994,0.9568,-0.0005018417985872103,0.024961671886743177,0.009195431217400385,0.11224101074618761,0.9624,0.9633333333333333,0.8672666666666666,0.0,0.006096819567725626,0.009941549791574243,0.016028953249414626,0.010212969436055538,0.0034494157673152655,0.01161057756622371,0.003635218674965081,0.012055177016138348,0.013539343040394123,0.007187215000591519,0.015027161377296793,0.0017833246797989812,0.003925227051701255,0.0028012342958501565,True,False,False
"jury, band 0.1",jury band sweep,0.1,0.3993333333333333,0.4284923197417048,0.3555506934459211,0.07294162629578368,0.09328474989121056,0.9468933333333333,0.09640082582316598,0.9525333333333335,0.003394570185455781,0.03441287592368884,0.006276895927866233,0.10182449141830112,0.9403333333333332,0.9856666666666666,0.8611333333333333,0.0,0.0055373149973560526,0.00911157226579306,0.014632248615165662,0.01164453108646776,0.004618823536810826,0.012756786211102955,0.0054776763569605634,0.007490214723199956,0.013201028317407963,0.005012946482680714,0.014118744600013952,0.0027977062915586818,0.00265274141918071,0.0035002645402671785,True,False,True
"committee-corrected, no jury",full pipeline,,0.3993333333333333,0.4226392338466301,0.3642611848358997,0.05837804901073042,0.06644132304615691,0.9493199999999999,0.07404285194001835,0.9462666666666667,0.002485876181067115,0.006360229334074008,0.009863485501260871,0.1332145931061431,0.994,0.9279999999999999,0.8682666666666666,0.0,0.005964674702724318,0.00967844872963235,0.015638566247079076,0.007146306669811619,0.0034890728896985438,0.009962273450379552,0.004368235511219776,0.012681794295562156,0.006387665478467703,0.007719840963637568,0.011383321235553235,0.0021081851067788976,0.003975231959999654,0.002900830021703247,True,False,False
validator jury,full pipeline,,0.3993333333333333,0.4245832796342766,0.36134223775223645,0.06324104188204016,0.07280617624348906,0.95244,0.08000851801787186,0.9536666666666667,0.004956775855391482,0.01346657850331251,0.010107966096355859,0.12386039779704316,0.9789999999999999,0.9466666666666667,0.869,0.0,0.006394968909573411,0.010365049061449477,0.01675356606314518,0.010248247879904906,0.0033437171597556574,0.012042739440953095,0.0043347576006958185,0.01424990669150844,0.006720899766559752,0.01080907565790792,0.012656104504729267,0.002335977337958746,0.004354648431614526,0.003162277660168368,True,False,False
income-blind validator jury,full pipeline,,0.3993333333333333,0.40599637448201487,0.3891182910615596,0.020417541221246942,0.027624802854676573,0.9740133333333333,0.013506259636966677,0.9834666666666667,-0.05179273654477472,0.034821482775561165,0.05179273654477472,0.16077769646850354,0.9415333333333333,0.9598666666666666,0.8492666666666666,0.0,0.007513583829014067,0.011383569089029566,0.014505386010993056,0.005672818747272484,0.001558029778317301,0.008252463214867119,0.0030110906108363217,0.010203637667307417,0.013850491623442205,0.010203637667307417,0.018845708587307847,0.004909552291574451,0.0053129239119177555,0.0036304609781100906,True,False,False
"declared base: consensus panel, audit mode",full pipeline,,0.3993333333333333,0.40131519307423114,0.39608959780059744,0.016924354321693445,0.017410924808916324,0.98308,0.0020015113350912105,0.9986,-0.06478021174174918,0.050795433548798764,0.06478021174174918,0.17077873946234012,0.9445333333333334,0.9447333333333333,0.8486,0.0,0.00787224090172977,0.011702929580803585,0.009759451062130402,0.004129994021080081,0.001594372820690982,0.001449050972386762,0.0004919098582484146,0.013014938365772385,0.012855707350775276,0.013014938365772385,0.01801923079184728,0.004155020761784992,0.005678201767165587,0.0035479084431517486,True,True,False
